math_score,science_score,history_score,time_spent_learning_hours,attendance_percent,passed
81,47,94,8.8,75,1
44,93,67,3.9,65,0
90,64,40,3.4,53,0
50,91,39,8.4,70,0
53,30,88,2.1,53,0
32,54,84,6.0,97,0
51,74,49,6.4,79,0
82,78,46,5.2,49,0
31,45,97,3.0,48,0
59,48,34,4.9,85,0
67,52,89,4.7,79,1
31,54,52,6.5,82,0
93,45,75,8.4,81,1
89,83,81,11.7,57,0
50,30,39,2.6,75,0
62,71,75,10.6,75,1
87,48,57,4.1,51,0
51,63,72,7.5,89,1
78,84,55,7.0,79,1
88,47,84,7.1,42,0
71,63,77,9.0,57,0
89,74,58,5.2,46,0
44,35,56,4.5,70,0
91,50,47,10.4,40,0
91,99,89,3.4,70,1
76,77,98,3.0,93,1
91,68,50,1.2,52,0
80,60,53,3.3,68,1
84,39,32,6.7,42,0
93,59,91,6.9,68,1
32,47,31,3.8,74,0
80,89,95,1.8,54,0
36,44,71,9.2,60,0
50,33,63,9.3,58,0
68,92,71,12.0,67,1
47,69,49,10.9,43,0
33,38,97,11.2,84,0
89,38,74,9.8,52,0
43,55,71,7.8,54,0
38,33,76,2.4,90,0
82,45,34,7.8,87,0
31,44,78,1.6,78,0
89,81,66,10.7,71,1
73,98,63,6.3,42,0
37,34,99,8.7,69,0
76,49,47,1.6,97,0
64,47,48,6.9,59,0
65,31,69,4.3,41,0
79,42,46,4.1,89,0
33,33,89,5.3,64,0
31,71,71,1.0,50,0
35,90,94,6.1,40,0
83,37,82,6.4,87,1
33,96,36,10.5,88,0
83,92,34,5.9,87,1
92,38,53,5.0,49,0
47,40,57,11.9,56,0
73,71,91,7.3,69,1
63,42,46,6.2,74,0
91,65,49,6.5,89,1
43,42,32,9.9,58,0
77,41,66,4.7,85,1
44,66,44,5.3,92,0
91,81,80,9.3,96,1
69,31,77,1.8,73,0
82,85,37,10.5,71,1
53,89,42,5.7,51,0
55,52,77,7.4,82,1
89,69,32,9.3,56,0
70,93,94,3.9,98,1
58,52,60,10.8,45,0
44,58,55,11.8,90,0
74,80,85,6.4,52,0
94,98,63,11.3,78,1
38,60,38,1.0,61,0
30,79,91,10.8,50,0
37,49,42,4.4,46,0
92,84,98,4.4,84,1
40,31,70,3.5,84,0
37,54,30,4.5,60,0
64,42,76,3.3,40,0
64,99,33,11.0,69,1
62,96,92,10.9,58,0
34,87,81,2.1,90,1
70,93,39,2.6,94,1
57,98,57,10.5,86,1
36,88,35,5.4,85,0
41,89,56,2.9,68,1
63,91,41,6.6,74,1
62,45,91,5.6,98,1
77,97,81,3.4,92,1
52,44,77,8.9,59,0
91,84,96,7.9,75,1
66,64,75,2.1,78,1
73,84,44,11.2,40,0
64,43,65,7.1,62,0
94,78,43,3.8,70,1
76,36,32,3.3,95,0
32,59,96,2.5,90,1
30,78,48,5.7,74,0
34,45,83,2.5,91,0
43,80,98,5.6,86,1
56,71,39,2.6,84,0
38,46,62,8.2,61,0
44,92,42,9.6,85,0
71,74,80,7.0,46,0
80,36,61,8.5,72,0
92,56,53,11.3,84,1
81,39,64,8.0,75,1
33,63,99,5.0,83,1
52,65,69,5.9,46,0
44,54,83,10.5,66,1
72,35,73,2.4,41,0
58,53,91,4.6,56,0
65,47,97,7.4,40,0
42,35,62,8.4,97,0
61,58,85,9.4,85,1
88,54,65,4.5,69,1
57,84,83,2.6,61,0
95,75,48,11.5,67,1
71,53,72,1.8,92,1
74,55,41,2.1,72,0
91,57,40,6.4,65,0
86,32,99,10.0,74,1
35,67,41,9.5,50,0
57,90,70,11.3,46,0
57,80,54,2.6,67,1
73,77,32,5.1,64,0
59,50,32,4.1,80,0
91,83,57,10.5,70,1
91,85,52,6.4,93,1
30,88,77,1.3,42,0
56,80,96,8.8,72,1
91,49,71,5.3,90,1
32,88,69,6.8,97,1
99,38,35,10.8,73,0
56,30,49,3.8,98,0
38,58,40,3.6,60,0
91,92,56,3.9,95,1
66,85,50,4.7,76,1
80,97,42,2.2,88,1
73,64,64,8.7,58,0
53,32,76,3.3,99,0
88,36,57,11.2,76,1
61,56,50,3.4,94,0
81,30,47,3.8,60,0
91,73,60,4.3,53,0
87,70,89,9.5,49,0
81,71,66,5.7,92,1
41,62,50,10.0,46,0
68,79,43,9.6,68,1
31,92,89,11.2,79,1
32,66,52,9.3,47,0
85,88,58,1.6,78,1
88,77,76,10.2,52,0
31,34,59,11.3,85,0
31,77,67,11.9,58,0
83,32,56,2.4,50,0
30,76,44,7.7,41,0
48,91,88,3.2,88,1
31,43,32,3.9,45,0
82,92,39,9.2,68,1
73,90,46,11.8,80,1
61,60,40,7.5,90,0
99,46,77,10.4,44,0
61,53,34,1.1,80,0
97,52,98,1.4,69,1
84,79,93,7.6,96,1
85,99,43,5.3,78,1
46,56,79,10.8,75,1
67,44,55,4.3,66,0
53,79,98,5.8,89,1
98,65,36,6.8,57,0
99,37,45,4.0,91,1
40,32,84,11.0,88,0
45,91,85,6.1,75,1
88,76,33,5.7,99,1
99,90,77,10.3,98,1
32,61,46,4.4,93,0
49,42,65,10.0,55,0
88,30,99,2.3,93,1
65,63,67,3.0,94,1
48,91,91,11.5,44,0
96,60,77,10.3,48,0
48,93,39,5.3,73,0
49,54,65,8.0,73,0
81,67,58,11.4,75,1
62,43,33,3.3,70,0
69,37,73,1.6,91,0
68,83,85,6.9,59,0
30,31,71,2.6,56,0
40,85,42,3.1,59,0
86,90,75,10.8,67,1
79,51,62,1.1,60,0
52,64,50,10.0,96,0
60,45,86,6.7,58,0
71,79,98,7.2,42,0
36,72,99,8.4,69,1
45,46,96,5.7,44,0
89,87,77,2.3,81,1
31,31,62,2.1,45,0
30,33,65,9.3,42,0
77,68,62,3.4,88,1
41,35,60,1.3,81,0
98,98,50,11.8,63,0
66,98,56,11.8,83,1
61,49,91,5.2,40,0
38,93,55,1.3,89,1
48,45,95,9.0,90,1
77,80,41,10.1,93,1
32,66,51,2.4,91,0
49,98,46,2.5,75,1
53,71,36,10.0,54,0
83,86,97,11.1,80,1
62,95,66,9.7,77,1
53,38,67,3.2,83,0
65,93,40,5.5,57,0
67,51,30,7.6,62,0
54,63,54,2.8,86,0
47,84,71,3.3,68,1
95,58,81,4.1,90,1
83,67,53,6.6,80,1
64,47,82,6.6,61,0
90,94,85,10.0,63,0
70,30,92,9.3,84,1
62,33,37,11.1,87,0
97,33,88,10.2,52,0
62,56,74,3.8,72,1
43,72,56,4.6,89,0
50,88,81,6.5,61,0
77,61,47,1.2,74,1
49,62,45,10.9,56,0
37,57,95,1.5,61,0
36,84,34,4.5,44,0
96,89,32,7.3,64,0
46,99,99,6.7,45,0
62,91,36,8.2,92,1
77,63,79,6.8,56,0
88,85,43,3.5,70,1
51,42,67,3.2,56,0
59,85,76,11.0,98,1
67,47,62,3.9,72,0
80,83,72,4.1,78,1
83,72,58,5.5,93,1
37,68,86,2.5,87,1
56,90,34,6.6,76,0
56,71,89,8.3,87,1
50,47,99,9.6,43,0
59,52,31,8.8,82,0
57,83,99,2.6,53,0
93,59,72,6.0,52,0
98,87,33,1.4,66,1
90,97,85,1.2,63,0
77,96,88,5.8,66,1
48,47,38,3.8,47,0
33,36,32,8.5,92,0
64,69,77,9.0,91,1
93,99,72,10.8,86,1
78,94,30,9.4,89,1
46,97,86,1.5,78,1
73,78,82,5.1,60,0
59,81,45,4.0,90,1
75,58,80,5.2,96,1
35,50,84,2.8,80,0
66,38,30,2.1,50,0
53,76,57,6.7,70,1
75,71,82,8.9,66,1
82,80,87,8.7,81,1
89,85,89,6.0,85,1
92,80,88,6.7,87,1
61,99,51,6.7,66,1
62,49,37,8.6,47,0
96,56,78,1.5,72,1
47,67,71,8.8,51,0
54,94,56,7.4,74,1
83,83,68,3.2,73,1
87,53,54,1.5,55,0
96,76,67,2.2,75,1
75,92,53,6.8,41,0
53,86,53,9.3,51,0
61,84,89,4.7,66,1
76,89,79,5.2,95,1
52,91,95,11.3,56,0
95,59,43,3.3,59,0
56,51,82,2.1,60,0
31,58,61,4.8,69,0
46,70,77,9.2,81,1
62,71,68,7.9,59,0
38,94,69,5.6,47,0
72,60,71,11.6,57,0
77,59,37,9.1,96,0
68,47,55,1.7,57,0
71,46,41,9.2,57,0
55,67,72,1.3,41,0
79,43,80,8.2,51,0
54,85,92,3.3,71,1
53,51,78,8.7,81,1
42,96,56,4.4,47,0
89,85,38,10.6,90,1
36,48,68,4.7,49,0
86,86,94,7.8,50,0
65,73,36,4.1,53,0
74,64,96,11.1,65,0
49,30,39,9.6,86,0
94,81,82,3.7,69,1
37,99,86,11.4,95,1
45,66,56,4.9,94,0
43,94,83,8.2,81,1
44,80,33,9.2,43,0
95,30,52,1.3,78,0
61,50,77,11.5,50,0
92,82,71,4.8,63,0
80,45,32,3.1,93,0
54,90,32,10.4,61,0
87,83,57,8.7,42,0
92,69,92,2.0,76,1
91,55,60,2.3,97,1
51,94,39,8.9,41,0
87,93,78,1.8,51,0
87,72,50,11.1,60,0
78,46,82,9.2,44,0
81,88,83,4.7,46,0
71,52,86,5.0,43,0
99,36,49,6.6,82,1
44,73,78,5.0,93,1
83,82,36,9.6,80,1
89,63,58,11.7,75,1
37,75,77,7.4,98,1
82,97,42,5.9,61,0
89,45,32,3.5,68,0
34,48,31,8.2,99,0
97,31,45,8.5,48,0
35,39,35,8.5,65,0
76,79,74,1.3,51,0
84,41,34,10.9,87,0
69,99,85,4.7,40,0
81,51,61,9.2,47,0
45,61,78,9.4,72,1
42,30,42,8.2,91,0
59,83,59,5.3,90,1
48,87,54,7.7,43,0
46,99,89,1.4,53,0
92,47,88,9.4,94,1
48,35,57,2.1,68,0
87,74,87,5.4,53,0
84,52,49,2.1,48,0
91,52,63,10.2,48,0
52,55,34,7.1,65,0
38,36,89,8.6,88,0
41,73,72,8.5,86,1
30,56,86,10.3,81,0
87,55,86,2.5,56,0
30,65,83,8.3,80,0
63,84,74,7.3,43,0
77,93,66,1.3,99,1
30,86,77,3.2,85,1
45,98,83,3.9,42,0
90,90,77,1.8,68,1
93,31,35,4.9,64,0
92,84,63,1.3,60,0
98,67,92,7.1,51,0
51,58,77,3.3,93,1
96,55,52,4.2,40,0
55,64,42,11.0,40,0
45,96,76,6.5,84,1
80,58,73,4.0,85,1
86,63,61,7.6,87,1
58,70,55,3.2,46,0
98,70,82,1.8,49,0
76,52,43,1.2,54,0
91,32,81,11.5,79,1
98,87,65,9.0,50,0
45,61,37,9.8,95,0
77,60,69,11.8,85,1
68,72,51,11.2,84,1
62,36,45,9.1,62,0
52,30,89,8.6,52,0
39,90,89,4.7,66,1
98,43,39,2.1,80,0
63,81,54,7.3,56,0
81,35,60,7.3,89,0
39,39,50,11.5,90,0
48,59,62,5.9,52,0
87,50,60,8.6,51,0
30,89,50,7.3,68,0
98,92,65,2.9,60,0
33,71,94,7.5,59,0
45,80,33,6.9,59,0
53,93,97,6.4,70,1
31,85,33,6.6,47,0
61,70,38,2.8,63,0
53,61,59,6.1,50,0
41,44,74,7.7,78,0
79,91,33,6.4,72,1
64,56,98,6.4,81,1
62,57,52,1.9,54,0
62,93,45,3.1,43,0
90,88,51,4.5,40,0
80,87,77,5.6,71,1
72,31,91,7.5,50,0
41,65,89,10.5,69,1
96,42,34,2.8,76,0
94,44,36,1.2,58,0
62,89,80,5.9,90,1
69,51,94,5.8,75,1
72,92,38,7.1,73,1
73,54,74,10.2,46,0
58,77,76,9.8,99,1
42,72,96,2.1,84,1
41,67,53,11.3,59,0
75,70,39,2.2,92,1
31,74,77,8.0,51,0
64,69,64,8.4,71,1
37,46,83,8.5,41,0
55,86,45,3.9,61,0
63,31,82,4.6,80,0
36,91,69,7.0,87,1
97,38,49,3.2,79,1
87,97,98,1.2,63,0
58,46,74,7.2,89,0
65,79,35,6.1,70,0
50,69,98,8.2,43,0
65,87,78,2.6,63,0
39,50,68,10.3,82,0
53,47,31,2.6,56,0
93,84,68,10.8,79,1
78,58,50,5.9,58,0
65,53,69,7.0,79,1
53,46,83,10.9,77,1
52,47,41,4.3,94,0
91,71,66,3.0,73,1
66,74,67,5.9,86,1
41,46,44,3.7,72,0
84,43,36,6.8,45,0
42,78,79,4.0,99,1
52,58,94,10.5,90,1
59,33,96,7.7,75,1
46,49,73,1.0,52,0
91,76,60,9.9,86,1
42,38,72,4.6,48,0
88,56,77,4.5,74,1
48,44,90,5.2,73,1
78,48,39,7.9,55,0
41,81,58,5.9,57,0
90,55,77,7.9,57,0
48,55,91,2.6,77,1
38,55,42,11.7,89,0
57,75,73,9.0,82,1
81,78,76,3.8,71,1
45,82,93,9.0,46,0
98,32,82,7.3,62,0
41,95,73,2.2,62,0
54,71,57,3.0,85,1
81,48,31,1.5,57,0
82,46,86,9.9,46,0
52,62,86,7.1,81,1
45,78,63,4.5,79,1
86,85,87,2.4,63,0
68,92,81,6.3,53,0
82,32,58,6.8,89,0
71,78,64,8.7,44,0
87,84,77,11.7,85,1
68,55,62,5.8,93,1
43,81,38,5.5,96,0
34,36,77,5.1,61,0
64,75,96,10.1,97,1
47,75,65,2.7,61,0
38,45,73,4.8,49,0
87,53,89,9.0,65,0
46,90,92,1.2,54,0
36,83,34,4.2,77,0
75,91,69,8.1,80,1
42,30,48,3.0,81,0
69,78,76,4.3,94,1
71,54,94,6.3,88,1
38,39,96,5.6,40,0
79,45,47,2.2,53,0
56,87,79,11.3,75,1
95,58,59,1.5,70,1
34,35,95,9.2,67,0
58,45,34,1.8,73,0
66,49,71,6.1,74,1
67,72,34,2.9,99,0
37,55,79,2.6,78,0
94,62,87,2.4,62,0
46,55,37,6.0,85,0
74,74,60,6.7,83,1
33,92,41,2.5,58,0
65,96,50,11.8,57,0
99,81,91,3.8,54,0
60,97,62,6.0,40,0
48,55,55,3.4,64,0
90,31,69,6.4,65,0
83,43,94,9.3,74,1
68,59,88,6.7,96,1
48,78,44,4.1,54,0
68,41,30,3.7,43,0
96,73,40,9.3,54,0
74,62,84,2.3,81,1
42,42,31,5.1,77,0
87,55,94,2.7,84,1
49,50,73,3.8,78,0
90,57,45,2.7,97,1
68,77,51,10.8,93,1
30,69,47,9.1,40,0
32,95,76,7.2,61,0
91,52,59,3.5,50,0
92,77,39,6.6,85,1
54,31,87,6.7,77,0
85,49,91,7.5,76,1
62,88,35,1.7,90,1
67,75,96,11.7,65,0
35,32,70,6.1,90,0
87,84,72,11.2,66,1
73,41,47,1.1,97,0
74,69,87,3.7,52,0
61,95,89,2.1,46,0
74,45,56,9.5,47,0
90,63,97,4.5,85,1
76,73,51,10.2,90,1
50,35,53,10.2,90,0
65,93,69,8.3,62,0
48,51,95,8.3,65,0
49,47,69,8.7,83,0
86,41,35,8.4,94,0
47,81,47,5.3,66,0
76,80,59,8.5,48,0
78,77,50,10.9,85,1
43,48,91,4.7,77,1
44,35,39,11.4,86,0
60,56,42,1.1,52,0
30,82,38,4.8,46,0
83,77,97,2.5,50,0
32,36,68,2.4,49,0
45,88,53,10.0,72,1
86,98,63,11.1,78,1
41,40,90,9.6,89,0
45,44,70,11.7,94,0
53,93,34,3.4,42,0
57,32,79,2.5,80,0
37,98,33,6.7,68,0
65,52,80,10.1,76,1
37,82,81,1.4,94,1
87,66,68,12.0,95,1
89,38,37,7.6,84,0
79,44,74,11.8,55,0
57,32,57,5.0,55,0
70,99,56,6.0,83,1
93,46,94,9.3,89,1
56,55,63,9.7,82,0
92,50,91,3.6,88,1
46,50,91,11.2,46,0
62,40,67,10.5,54,0
58,67,55,1.2,77,0
42,64,53,2.4,45,0
75,43,68,6.5,57,0
64,43,50,6.1,58,0
35,39,76,8.8,91,0
98,41,77,2.0,90,1
76,67,42,8.1,41,0
54,63,32,7.8,42,0
95,70,61,3.6,85,1
39,39,64,7.0,93,0
85,46,48,3.4,64,0
59,46,43,2.6,75,0
34,96,77,7.3,93,1
62,91,97,11.8,88,1
94,30,74,3.6,67,1
47,41,48,4.9,77,0
78,33,93,3.8,67,1
40,71,95,3.9,71,1
55,42,95,5.4,90,1
92,33,74,8.7,80,1
88,98,96,1.4,75,1
56,48,98,11.5,78,1
78,31,32,1.5,75,0
62,41,67,10.7,82,0
30,35,71,10.8,93,0
50,37,69,6.8,62,0
84,80,79,2.5,41,0
35,40,64,7.2,49,0
98,92,53,7.9,45,0
34,86,46,10.4,47,0
32,41,69,7.1,54,0
82,31,95,5.5,84,1
52,37,73,10.2,68,0
82,40,52,11.8,67,0
66,82,35,8.1,61,0
46,39,95,10.6,73,0
30,37,50,7.6,59,0
80,65,64,8.6,72,1
74,43,58,8.6,54,0
33,83,36,8.8,46,0
91,50,82,4.5,63,0
94,79,66,7.3,65,0
61,68,52,7.5,89,1
63,49,37,4.5,49,0
68,36,77,4.8,54,0
55,38,39,9.4,76,0
63,30,53,7.4,98,0
83,55,76,2.6,63,0
32,67,82,10.2,50,0
79,67,68,10.7,79,1
41,90,96,6.1,60,0
94,73,95,3.3,79,1
83,73,35,11.4,77,1
34,91,50,10.7,54,0
86,35,65,3.7,54,0
46,46,32,2.1,76,0
76,80,71,5.8,84,1
52,67,74,8.4,53,0
43,53,73,2.9,82,0
95,80,62,6.6,91,1
80,39,89,5.7,60,0
67,50,99,10.8,83,1
93,99,55,5.7,59,0
67,86,50,6.9,72,1
79,68,31,11.5,42,0
59,62,76,4.3,79,1
80,88,59,4.2,62,0
92,47,56,9.8,83,1
81,85,49,4.1,86,1
67,86,79,10.2,62,0
59,77,52,2.1,66,1
80,71,42,2.2,74,1
34,56,33,10.9,64,0
58,81,43,6.9,71,1
33,71,49,8.9,61,0
39,61,42,3.5,47,0
85,55,32,2.8,95,0
46,54,76,10.2,90,0
46,52,32,4.9,91,0
98,86,30,6.0,77,1
63,81,53,1.3,57,0
35,60,64,5.2,67,0
82,93,43,9.5,67,1
95,62,96,10.0,50,0
72,31,42,8.7,51,0
52,47,76,8.6,94,0
84,76,79,6.6,41,0
45,62,55,6.9,98,0
37,64,32,9.2,76,0
33,80,80,3.7,99,1
33,47,69,3.5,43,0
85,59,97,11.4,80,1
54,73,65,1.3,84,1
96,82,80,2.5,84,1
96,39,30,7.3,86,0
56,81,62,9.1,73,1
61,78,36,6.9,62,0
79,40,81,4.9,52,0
90,95,40,11.8,46,0
80,87,56,8.7,71,1
48,65,43,10.1,62,0
50,62,75,1.4,88,1
34,76,39,3.6,47,0
71,42,53,5.1,89,0
90,69,90,3.0,86,1
51,97,47,1.8,86,1
50,71,38,3.5,76,0
99,48,46,6.9,73,1
30,48,87,8.7,87,0
34,87,42,9.5,68,0
41,52,79,1.5,76,0
75,83,35,5.7,62,0
63,94,80,2.3,77,1
78,41,65,5.7,68,1
74,53,54,5.8,83,1
56,63,40,6.5,44,0
55,82,73,10.8,91,1
76,37,43,9.9,79,0
85,47,58,8.0,50,0
92,86,79,10.7,53,0
77,34,34,8.5,95,0
90,55,98,10.0,88,1
55,59,86,7.2,81,1
65,83,55,6.8,41,0
30,42,35,9.0,74,0
37,58,45,1.2,84,0
81,32,89,8.6,88,1
76,87,41,11.3,98,1
85,31,32,8.9,74,0
43,57,92,1.4,81,1
57,31,93,5.2,67,1
31,36,91,9.9,47,0
55,55,35,11.5,71,0
43,45,48,5.1,43,0
88,52,47,10.3,84,1
85,69,72,10.5,46,0
36,89,32,2.4,78,0
32,61,67,10.3,87,0
52,44,97,4.6,66,1
47,42,73,7.5,76,0
67,34,92,6.9,99,1
44,81,71,8.3,56,0
93,70,93,9.1,49,0
57,82,83,5.8,43,0
68,79,66,10.8,62,0
86,44,33,9.9,53,0
46,36,31,9.6,44,0
73,69,73,6.0,41,0
54,57,96,1.4,85,1
46,61,97,6.4,63,0
42,44,91,10.9,57,0
54,99,30,3.1,66,1
97,94,46,11.8,63,0
39,33,45,9.9,68,0
96,40,38,8.8,50,0
47,55,82,8.4,87,1
63,90,88,7.5,57,0
37,66,38,8.9,98,0
69,52,41,5.6,87,0
71,69,70,10.3,92,1
70,52,44,8.7,43,0
35,45,95,9.5,72,0
81,90,40,9.7,53,0
55,97,37,2.0,83,1
93,60,84,1.6,95,1
88,82,35,9.8,81,1
85,54,82,3.9,71,1
88,73,49,7.4,99,1
99,41,68,5.9,90,1
62,38,63,1.2,43,0
82,41,86,1.4,59,0
51,98,48,10.1,60,0
50,83,60,7.7,42,0
99,83,69,6.8,64,0
99,57,43,11.4,43,0
33,85,66,2.9,97,1
91,98,73,3.8,86,1
91,87,38,9.3,50,0
53,71,87,9.5,55,0
84,67,49,5.5,98,1
38,97,79,11.5,75,1
32,82,49,11.3,45,0
60,62,65,1.1,70,1
69,85,56,2.9,79,1
65,80,61,10.0,52,0
53,72,30,4.7,62,0
35,44,46,2.1,91,0
95,67,38,9.6,43,0
33,44,74,6.0,76,0
35,34,95,6.4,81,0
80,83,61,3.1,76,1
91,80,74,8.3,83,1
86,39,38,7.1,72,0
95,41,59,3.3,95,1
37,33,67,4.7,81,0
55,47,89,7.6,68,1
80,65,30,11.2,76,0
74,54,34,11.1,58,0
73,65,92,4.2,90,1
34,96,65,9.1,59,0
99,38,94,9.5,71,1
55,90,53,9.9,83,1
97,82,33,7.3,94,1
48,47,97,1.1,55,0
49,72,54,9.4,44,0
41,64,36,2.2,88,0
76,92,42,2.3,85,1
30,33,97,7.7,51,0
43,70,72,11.8,84,1
93,74,86,3.7,60,0
67,79,65,8.1,53,0
66,57,43,4.3,76,0
40,71,56,10.9,61,0
32,98,66,7.5,69,1
62,30,54,3.3,62,0
35,68,96,3.9,44,0
79,46,33,5.8,68,0
39,64,45,2.3,98,0
34,75,48,1.9,69,0
52,71,58,8.5,57,0
39,68,80,5.5,85,1
73,78,47,9.0,89,1
31,91,87,2.2,91,1
42,67,73,7.7,40,0
69,52,45,5.9,78,0
31,51,94,1.6,56,0
94,33,31,7.0,42,0
92,78,85,1.9,81,1
46,88,57,10.1,46,0
38,97,94,8.0,66,1
44,31,34,7.1,67,0
53,78,51,2.5,83,1
67,60,42,4.2,93,0
64,69,94,6.4,70,1
78,77,45,8.0,54,0
98,80,93,3.0,94,1
91,72,61,1.1,92,1
89,84,80,4.8,87,1
79,78,87,6.3,47,0
38,86,75,3.0,45,0
63,44,81,6.4,67,1
64,56,92,4.7,43,0
30,97,89,6.0,69,1
69,93,94,4.8,82,1
93,59,84,7.9,56,0
51,65,86,1.5,73,1
89,96,55,2.9,99,1
93,78,41,5.8,45,0
40,84,75,4.9,75,1
43,85,76,5.3,74,1
89,97,67,9.8,78,1
59,73,50,10.7,78,1
64,60,43,3.7,55,0
66,87,31,10.2,41,0
34,82,99,6.0,47,0
55,52,62,4.0,54,0
91,57,35,11.8,66,1
33,45,66,10.1,55,0
71,66,43,11.9,40,0
47,50,66,2.9,98,0
69,46,37,2.6,49,0
68,66,42,6.5,46,0
43,48,69,8.0,87,0
61,59,87,2.9,49,0
80,74,47,10.5,51,0
67,47,86,6.9,56,0
52,91,67,5.5,84,1
92,65,61,7.6,51,0
44,81,95,8.0,54,0
54,48,54,1.5,85,0
46,73,87,12.0,90,1
95,36,62,5.0,71,1
82,73,95,1.7,71,1
80,97,59,10.4,90,1
68,63,63,11.9,65,0
80,95,98,10.0,53,0
99,98,77,10.4,89,1
35,84,69,7.9,65,0
96,39,80,11.1,44,0
36,71,42,1.4,91,0
80,70,60,9.4,77,1
71,98,68,8.4,89,1
93,39,92,1.5,85,1
44,39,77,7.0,43,0
58,89,77,6.7,67,1
62,80,90,8.6,94,1
56,50,41,1.9,40,0
65,37,85,9.9,52,0
58,94,47,2.5,82,1
67,59,56,5.6,42,0
86,78,57,10.7,88,1
56,38,81,7.2,89,0
84,46,45,5.2,64,0
62,98,87,1.5,81,1
97,87,38,8.4,55,0
95,86,55,11.9,60,0
39,91,57,11.0,52,0
34,81,65,8.9,91,0
67,90,38,2.2,83,1
42,69,76,3.6,75,1
60,67,80,3.1,47,0
76,72,86,4.9,83,1
81,92,61,3.6,58,0
85,48,96,3.7,86,1
44,79,86,7.8,99,1
58,62,83,4.5,55,0
37,42,45,8.4,51,0
34,91,91,11.4,59,0
58,72,85,8.0,57,0
76,78,52,9.3,93,1
97,65,46,9.3,51,0
74,39,67,4.6,87,0
31,35,59,1.2,64,0
56,86,87,1.6,99,1
65,30,51,4.1,91,0
65,87,46,8.6,50,0
55,50,44,11.0,61,0
72,85,77,11.5,91,1
56,49,61,1.3,85,0
98,83,69,11.9,73,1
49,54,86,4.5,52,0
40,57,87,10.3,85,1
67,34,45,3.0,77,0
35,50,57,1.7,51,0
52,47,30,5.2,78,0
76,76,70,10.4,75,1
75,99,77,3.4,67,1
41,86,60,2.7,66,1
42,48,65,11.0,78,0
91,94,62,11.3,52,0
89,32,62,1.1,82,1
72,71,52,9.0,79,1
97,50,89,4.4,66,1
34,69,59,5.1,90,0
66,96,74,6.2,70,1
60,54,68,5.7,41,0
38,84,74,6.7,92,1
80,81,41,7.4,57,0
58,73,61,6.1,65,0
69,85,85,8.7,92,1
70,84,53,8.9,81,1
40,99,42,5.8,70,1
52,95,49,2.6,77,1
30,48,85,8.0,95,0
75,36,82,9.5,61,0
50,92,97,8.0,75,1
65,71,83,7.5,58,0
83,71,63,3.5,53,0
86,88,57,8.1,53,0
30,49,79,4.7,89,0
92,46,31,11.1,68,0
83,56,55,8.2,56,0
84,76,80,4.1,89,1
69,31,76,6.2,89,0
44,92,55,10.3,76,1
50,91,90,4.7,48,0
76,48,52,6.8,40,0
82,46,66,8.5,43,0
38,98,70,9.3,97,1
81,68,81,2.9,46,0
86,68,78,7.2,50,0
55,65,56,11.0,53,0
70,69,35,11.7,81,0
64,74,95,8.2,58,0
92,33,53,11.8,79,0
54,54,67,7.3,42,0
67,98,57,5.9,47,0
31,59,57,7.1,68,0
36,97,95,2.3,89,1
63,58,90,5.4,76,1
46,97,75,6.0,91,1
72,80,98,10.3,82,1
88,53,72,9.3,48,0
80,43,88,7.6,58,0
83,98,31,4.8,51,0
53,47,44,3.1,66,0
54,71,66,4.8,76,1
81,86,49,8.5,87,1
99,41,64,3.9,97,1
62,46,63,5.7,64,0
78,59,60,5.3,84,1
58,52,48,9.4,77,0
92,30,97,10.7,87,1
51,61,53,8.7,89,0
55,38,68,4.8,56,0
57,44,83,5.8,83,1
78,57,68,2.6,98,1
78,53,46,2.8,72,0
49,89,48,2.8,78,1
92,64,77,2.4,53,0
90,56,64,3.0,67,1
78,49,61,3.2,57,0
30,94,76,2.2,94,1
42,78,76,8.0,72,1
80,30,93,11.9,91,1
85,39,75,10.7,81,1
91,76,64,1.5,54,0
61,88,46,5.7,50,0
59,91,71,10.5,75,1
58,47,58,2.5,54,0
78,75,99,10.3,92,1
74,61,46,7.5,87,1
59,56,43,11.2,69,0
45,47,53,10.6,97,0
69,68,86,8.4,54,0
48,78,79,8.2,88,1
47,73,86,3.3,62,0
30,83,90,2.3,82,1
76,63,68,5.6,89,1
95,65,84,3.1,99,1
67,47,65,2.1,87,0
80,67,66,4.3,98,1
92,88,43,10.5,54,0
33,38,56,1.2,68,0
30,80,60,4.2,50,0
37,64,73,5.7,84,0
58,34,97,6.6,57,0
84,43,77,3.0,79,1
32,59,86,11.6,70,0
61,33,51,7.4,48,0
39,68,33,6.7,61,0
63,93,75,1.1,50,0
84,54,88,6.3,56,0
61,57,63,10.2,72,1
79,95,40,3.4,50,0
36,51,60,4.9,78,0
37,60,40,1.2,47,0
94,52,85,11.7,90,1
86,77,67,1.7,96,1
96,49,50,10.9,43,0
88,67,39,4.4,75,1
83,84,55,7.5,58,0
96,97,37,8.5,63,0
80,30,37,2.5,80,0
37,36,89,5.9,88,0
63,86,63,4.6,57,0
64,41,45,1.6,72,0
61,34,42,10.2,85,0
75,79,51,1.5,75,1
45,71,56,8.2,49,0
97,41,93,4.5,94,1
66,47,31,3.1,53,0
83,95,55,8.3,46,0
43,46,98,7.3,51,0
84,97,59,4.5,61,0
77,91,37,6.6,66,1
36,70,67,3.7,87,0
36,63,90,10.5,76,1
62,99,94,4.5,50,0
52,74,96,3.7,75,1
48,87,75,9.3,99,1
48,80,72,1.2,52,0
65,63,88,3.9,71,1
58,73,75,5.1,47,0
89,44,64,10.7,46,0
31,99,68,11.5,82,1
30,79,80,8.9,82,1
76,61,33,6.4,97,0
98,96,80,8.0,56,0
49,32,34,5.6,61,0
40,80,84,4.3,85,1
31,96,49,11.5,73,0
96,77,53,2.3,59,0
41,46,65,4.8,92,0
49,36,63,10.9,47,0
34,42,83,9.0,61,0
66,95,63,1.3,66,1
67,33,46,1.3,73,0
38,39,34,6.7,60,0
82,46,47,6.3,54,0
73,81,84,5.9,44,0
53,35,82,4.3,77,0
59,98,79,11.9,56,0
88,38,74,4.0,47,0
43,50,42,6.4,58,0
38,53,45,5.5,44,0
69,33,42,2.9,62,0
95,53,49,3.2,58,0
54,88,95,11.1,53,0
51,32,76,10.4,49,0
33,97,48,3.2,70,0
55,69,74,10.6,52,0
87,77,66,3.3,61,0
58,83,83,7.9,76,1
66,64,35,1.9,78,0
99,85,43,10.7,49,0
47,69,33,1.6,70,0
71,97,84,7.1,82,1
70,75,63,9.6,74,1
67,42,56,2.3,52,0
63,56,36,5.4,69,0
46,35,32,1.5,73,0
66,46,76,8.5,75,1
54,65,31,4.4,74,0
56,31,54,7.2,86,0
86,81,89,11.3,43,0
60,95,53,4.4,94,1
35,81,44,1.5,92,0
69,72,43,8.4,43,0
41,51,83,9.7,86,0
82,84,35,11.5,45,0
39,96,47,2.7,94,1
74,89,49,5.3,67,1
46,87,91,10.3,69,1
55,41,69,9.9,66,0
91,98,68,7.9,44,0
75,68,81,4.0,83,1
93,42,61,4.1,78,1
31,70,56,2.4,74,0
83,86,81,11.1,78,1
94,82,92,2.9,83,1
80,41,92,7.3,54,0
82,42,46,7.4,58,0
65,86,78,5.1,69,1
55,69,52,4.9,77,0
58,74,42,8.4,71,0
50,64,52,5.3,79,0
40,32,86,3.8,68,0
69,34,91,5.4,45,0
40,40,83,9.9,65,0
65,85,49,11.6,66,1
88,39,81,8.0,74,1
68,63,52,9.6,67,1
83,96,64,6.9,44,0
84,60,96,7.9,80,1
53,95,63,11.9,95,1
51,99,62,5.8,87,1
98,70,75,1.7,93,1
85,92,74,11.5,55,0
62,61,48,9.7,80,0
65,49,44,5.4,57,0
49,86,95,11.8,52,0
91,79,68,4.8,82,1
55,54,47,5.1,64,0
95,41,99,7.7,49,0
69,68,88,4.0,68,1
46,46,61,8.7,49,0
30,74,50,2.7,45,0
90,40,69,2.2,55,0
72,99,56,6.9,64,0
71,52,31,7.1,83,0
54,99,68,2.2,43,0
68,67,85,11.6,76,1
64,31,42,7.3,73,0
32,66,85,2.7,58,0
73,78,95,4.4,72,1
80,81,85,9.8,43,0
41,62,57,6.8,83,0
48,51,93,3.1,73,1
73,34,93,2.1,51,0
88,47,85,5.7,70,1
78,67,70,4.7,55,0
90,66,70,8.2,41,0
46,93,33,11.2,88,0
86,39,86,3.7,97,1
84,71,59,10.4,99,1
76,77,75,11.1,41,0
41,73,85,10.9,75,1
91,45,60,11.5,45,0
37,83,36,10.3,99,0
50,64,83,7.5,62,0
99,57,37,5.5,78,1
54,31,84,6.4,94,0
41,42,98,10.6,86,1
44,70,73,4.3,91,1
88,88,42,2.8,83,1
55,98,49,2.5,76,1
55,82,61,10.1,85,1
76,74,89,9.4,55,0
61,49,79,6.5,82,1
39,53,56,4.0,83,0
45,90,54,8.5,58,0
46,87,81,1.4,88,1
52,56,97,7.3,63,0
55,55,50,5.4,97,0
36,36,47,11.8,66,0
43,71,68,6.6,46,0
36,76,44,7.1,69,0
38,82,82,8.8,80,1
77,88,67,6.3,53,0
88,67,77,3.5,97,1
68,98,81,6.9,91,1
47,82,57,11.4,83,1
88,44,45,5.5,54,0
46,55,45,8.5,51,0
43,77,64,11.8,92,1
60,48,46,10.1,92,0
53,38,81,8.2,68,0
89,93,41,9.1,62,0
74,83,77,11.3,52,0
32,80,51,11.6,48,0
66,68,78,11.7,63,0
72,33,81,7.9,78,1
69,32,30,5.2,69,0
84,93,95,2.5,40,0
68,58,93,5.2,99,1
44,40,37,11.4,49,0
33,87,54,10.8,77,0
54,56,95,6.8,97,1
42,50,99,6.9,86,1
62,68,80,4.4,54,0
45,75,82,6.0,48,0
71,95,44,8.9,52,0
95,65,79,5.4,62,0
84,94,67,3.1,72,1
71,92,69,6.9,48,0
63,64,95,3.5,42,0
59,60,68,11.7,69,1
42,57,46,5.3,48,0
42,30,36,11.0,91,0
47,54,68,3.5,64,0
61,72,97,3.1,86,1
68,96,64,7.8,63,0
75,92,80,9.6,71,1
58,80,76,7.2,46,0
91,31,65,3.5,75,1
91,93,93,1.4,64,0
86,98,42,7.8,59,0
45,38,47,2.4,56,0
85,31,50,4.8,93,0
39,63,94,8.4,75,1
59,89,37,2.1,65,0
54,90,77,2.4,58,0
34,60,72,1.7,99,0
94,39,82,12.0,76,1
78,65,56,5.3,87,1
32,78,48,11.0,42,0
74,99,52,4.2,82,1
43,78,79,9.3,96,1
59,32,80,3.4,67,0
97,34,72,6.5,61,0
47,90,80,10.1,86,1
91,55,98,10.0,58,0
66,34,70,9.7,92,0
54,44,40,10.1,95,0
77,45,81,3.3,85,1
94,30,52,6.3,55,0
82,45,78,6.3,95,1
44,66,67,10.8,45,0
78,32,76,4.3,76,1
97,81,36,11.2,70,1
41,76,95,6.0,92,1
88,42,91,8.4,88,1
66,84,58,4.0,87,1
90,50,67,5.5,73,1
72,95,62,8.8,70,1
99,83,58,6.6,99,1
68,56,52,11.2,50,0
85,67,32,9.1,75,1
92,87,74,7.2,45,0
75,91,37,10.8,66,1
40,75,58,8.3,46,0
91,40,31,8.1,88,0
54,37,79,3.7,71,0
81,93,94,5.3,47,0
33,50,49,8.5,99,0
88,92,81,10.8,72,1
49,93,66,4.5,96,1
92,49,56,3.4,86,1
83,37,76,7.5,91,1
86,87,35,1.7,83,1
70,75,89,8.9,54,0
32,60,74,8.7,94,0
35,38,73,4.9,66,0
34,44,47,10.8,69,0
34,55,94,6.5,61,0
83,39,54,8.1,86,0
76,58,56,3.3,68,1
78,65,36,5.6,80,0
38,66,73,10.5,87,0
49,52,58,3.3,69,0
90,70,73,5.3,41,0
64,57,65,4.5,54,0
79,77,48,2.7,86,1
91,67,35,4.2,66,1
46,60,54,3.6,46,0
32,43,60,11.2,66,0
61,58,38,9.2,60,0
42,80,66,4.5,52,0
97,78,56,9.4,94,1
43,72,42,1.2,56,0
40,34,70,6.8,50,0
85,71,95,3.8,98,1
96,36,53,2.3,49,0
58,71,73,10.7,96,1
38,65,89,3.2,72,1
96,56,38,10.0,53,0
54,87,31,5.5,76,0
71,75,85,1.2,47,0
38,95,59,9.1,72,1
69,54,51,7.6,46,0
54,56,42,4.8,73,0
34,30,45,4.1,46,0
40,71,74,1.8,46,0
88,81,94,11.4,80,1
67,54,40,6.4,93,0
34,83,99,1.9,75,1
77,96,49,10.6,94,1
47,35,92,4.1,46,0
99,87,41,3.2,59,0
66,99,91,4.1,57,0
89,82,71,7.2,84,1
77,95,98,1.8,82,1
57,87,87,6.3,80,1
98,31,34,10.9,53,0
69,51,56,3.1,79,0
74,66,57,4.6,92,1
91,49,55,5.4,53,0
87,53,78,7.4,60,0
96,94,50,11.1,88,1
85,94,30,5.3,98,1
69,30,87,1.8,96,1
69,32,84,4.8,66,1
62,75,55,3.1,85,1
35,84,54,8.2,65,0
48,93,62,1.3,66,1
69,74,98,4.2,63,0
88,55,35,7.0,44,0
88,94,52,4.1,81,1
77,53,59,7.1,77,1
70,64,83,2.3,67,1
42,53,40,11.4,81,0
74,57,60,4.2,82,1
82,45,35,11.2,97,0
71,88,40,4.6,71,1
92,83,41,9.6,63,0
56,45,95,3.7,45,0
67,44,82,8.4,49,0
89,40,65,4.6,85,1
36,94,46,6.6,91,0
34,97,57,8.4,42,0
74,72,51,7.5,46,0
87,98,36,7.3,68,1
60,42,44,1.7,73,0
52,39,40,3.7,46,0
71,70,53,7.3,56,0
39,79,96,1.2,52,0
61,88,59,3.8,97,1
82,68,99,3.5,60,0
59,32,95,3.7,70,1
68,36,90,6.9,48,0
60,78,70,7.4,84,1
31,55,80,11.0,86,0
41,62,73,5.2,52,0
68,77,42,11.2,56,0
95,31,41,8.2,47,0
42,61,38,11.0,48,0
75,33,77,10.2,48,0
56,49,78,8.6,79,1
46,65,82,4.9,87,1
89,61,85,3.7,91,1
93,57,69,3.4,69,1
64,30,53,11.5,46,0
99,89,62,11.5,56,0
59,85,52,9.0,78,1
92,64,83,10.7,77,1
57,59,82,11.1,44,0
89,83,78,6.6,56,0
66,65,78,7.9,79,1
51,84,89,5.6,97,1
97,87,94,5.6,40,0
49,94,61,1.4,55,0
97,98,50,5.8,56,0
93,80,47,8.4,69,1
46,51,89,5.6,70,1
41,82,42,10.6,74,0
51,65,53,4.7,84,0
46,97,59,2.5,47,0
39,65,31,9.9,87,0
94,81,54,8.4,95,1
51,82,79,3.7,69,1
79,79,43,6.9,78,1
43,70,35,5.4,60,0
93,47,59,11.3,54,0
76,51,59,7.7,95,1
58,95,67,2.7,73,1
65,50,87,6.5,95,1
81,73,70,10.5,99,1
36,76,86,8.4,66,1
58,68,65,10.3,41,0
40,58,93,3.8,49,0
62,83,45,10.8,44,0
35,46,43,9.3,66,0
61,89,60,9.0,43,0
80,60,95,4.8,86,1
87,78,97,10.8,52,0
55,31,94,8.0,56,0
75,77,84,10.4,60,0
58,43,69,5.0,62,0
33,88,54,2.6,72,0
42,87,54,4.7,89,1
68,87,32,6.0,99,1
44,80,98,6.9,54,0
58,31,55,6.6,53,0
58,70,69,7.0,48,0
61,45,67,10.3,83,0
31,33,67,2.9,76,0
76,41,97,4.5,69,1
51,58,36,10.8,68,0
56,36,59,7.2,62,0
96,43,48,7.4,73,1
85,41,64,6.3,94,1
50,34,62,7.0,94,0
76,61,62,3.2,46,0
88,72,67,7.0,92,1
35,98,39,12.0,48,0
48,74,86,7.2,89,1
86,38,57,1.5,43,0
98,78,67,9.8,41,0
32,62,45,5.4,95,0
30,47,50,2.7,99,0
87,38,35,10.5,66,0
67,91,70,3.2,72,1
44,86,44,11.1,71,0
63,58,32,5.9,96,0
90,54,72,9.2,83,1
64,44,76,7.0,84,1
93,35,43,3.8,85,0
54,71,95,8.4,76,1
53,58,58,11.5,66,0
41,33,33,9.5,67,0
47,86,55,7.6,42,0
44,78,41,11.9,99,0
56,73,31,3.9,98,0
89,43,46,1.7,75,0
75,32,64,1.4,88,0
46,91,39,8.8,90,0
82,93,72,10.1,82,1
37,74,50,8.0,47,0
56,87,44,11.0,83,1
75,49,64,8.7,89,1
79,87,89,5.1,89,1
32,86,73,3.0,80,1
93,97,34,11.2,76,1
73,81,47,2.1,92,1
82,66,50,7.0,88,1
53,37,80,4.5,84,0
89,73,70,4.0,77,1
32,34,53,8.1,95,0
49,98,53,3.5,61,0
75,60,67,11.1,53,0
44,74,73,5.5,54,0
54,38,86,8.5,94,0
46,61,88,9.0,85,1
38,62,63,8.5,43,0
67,96,52,10.9,57,0
77,59,72,3.5,40,0
89,58,69,1.9,51,0
92,32,76,1.6,93,1
31,86,70,10.7,80,1
40,59,76,11.7,81,0
93,38,49,4.3,92,0
50,55,94,8.6,99,1
47,31,97,1.1,89,0
93,91,53,3.1,56,0
67,32,65,8.6,58,0
61,75,74,1.7,75,1
40,97,31,6.2,87,0
74,54,57,8.3,46,0
62,80,55,9.4,48,0
70,42,52,6.0,47,0
37,73,65,7.9,64,0
40,64,35,6.9,46,0
80,84,64,1.6,81,1
70,38,67,9.2,47,0
46,31,64,2.9,63,0
75,90,82,1.3,56,0
61,70,67,6.0,51,0
83,73,88,10.5,85,1
49,93,72,2.7,70,1
62,60,33,1.1,51,0
69,76,34,2.2,96,0
61,31,97,5.0,41,0
31,98,74,7.4,51,0
62,87,54,3.1,66,1
59,73,40,9.8,85,0
62,85,58,9.3,46,0
55,72,63,8.7,97,1
51,63,43,6.4,97,0
95,59,53,5.0,52,0
67,99,88,5.1,92,1
75,84,68,6.5,75,1
44,96,55,1.9,40,0
73,42,72,8.5,88,1
78,32,65,4.9,74,0
90,55,68,3.5,69,1
96,86,90,4.1,70,1
35,53,45,3.0,56,0
38,82,88,10.9,47,0
35,99,35,2.9,42,0
61,72,85,10.7,98,1
70,89,37,7.3,49,0
37,87,56,10.5,73,0
79,78,56,6.2,61,0
91,71,75,11.2,43,0
91,95,70,3.3,71,1
36,40,54,7.1,68,0
33,47,47,2.4,85,0
35,81,41,5.9,50,0
87,75,80,7.3,85,1
51,73,68,7.7,52,0
55,51,39,5.0,98,0
32,82,83,1.8,43,0
70,88,58,8.2,41,0
89,59,70,6.4,73,1
43,37,38,2.5,82,0
41,86,92,11.3,61,0
41,49,66,11.5,44,0
42,54,43,10.4,48,0
54,48,68,10.3,59,0
74,34,69,2.1,60,0
48,56,83,11.9,56,0
84,69,32,5.4,51,0
74,55,84,2.8,67,1
37,56,62,9.9,57,0
82,91,48,3.5,42,0
84,79,63,6.8,44,0
61,71,79,2.4,99,1
80,58,76,6.2,92,1
73,68,75,7.1,91,1
99,89,85,5.9,53,0
47,70,86,1.8,87,1
51,62,80,6.3,65,0
66,45,83,6.2,58,0
85,52,57,3.9,80,1
88,36,48,11.1,56,0
32,55,56,5.6,93,0
57,41,77,10.5,78,0
64,34,48,2.2,81,0
90,98,80,4.5,43,0
83,78,36,2.9,81,1
92,55,58,5.5,74,1
36,34,72,2.2,63,0
78,51,98,5.9,80,1
60,42,87,4.9,52,0
87,57,37,3.5,72,1
90,62,71,8.1,54,0
53,52,71,11.5,54,0
49,47,42,3.3,70,0
66,59,55,8.8,82,0
33,55,47,9.2,67,0
49,45,71,6.5,49,0
89,68,80,10.9,96,1
53,62,45,11.6,46,0
79,55,32,5.0,72,0
78,77,74,8.2,46,0
80,94,51,8.3,44,0
65,67,52,5.4,65,0
95,31,88,4.5,94,1
63,35,91,11.3,55,0
65,75,97,9.7,99,1
35,79,83,2.3,96,1
68,67,86,2.3,47,0
71,47,52,11.1,61,0
87,56,89,1.9,73,1
41,70,84,8.6,79,1
32,46,92,3.5,67,0
47,91,85,1.4,85,1
69,58,84,1.7,75,1
50,87,54,5.1,95,1
44,99,55,1.9,86,1
55,51,78,7.6,46,0
37,35,92,8.1,91,0
71,55,74,5.1,79,1
73,68,68,9.2,98,1
43,41,94,6.4,82,0
31,43,98,5.7,67,0
66,51,85,5.5,98,1
98,80,38,5.7,41,0
67,52,99,11.6,48,0
70,77,57,8.5,45,0
91,79,74,4.5,94,1
89,42,55,9.1,97,1
43,39,57,4.6,40,0
31,84,69,2.4,42,0
99,38,44,6.2,49,0
46,81,35,9.3,76,0
57,31,56,5.2,83,0
95,54,67,10.6,62,0
64,42,97,5.3,72,1
34,80,93,4.8,48,0
94,87,59,12.0,92,1
69,63,32,6.3,52,0
85,64,91,9.9,67,1
65,32,41,9.9,90,0
74,88,59,11.2,46,0
52,99,67,1.9,65,0
76,77,89,4.0,55,0
60,93,67,9.4,79,1
40,48,44,7.2,97,0
39,96,47,7.2,65,0
96,34,81,2.8,90,1
43,96,58,4.1,78,1
39,40,89,6.7,94,0
30,97,50,4.0,71,0
34,98,46,3.3,75,0
49,30,47,2.0,81,0
37,92,86,2.7,96,1
72,58,66,9.5,40,0
30,41,89,8.9,88,0
86,70,67,1.5,60,0
93,31,41,3.2,52,0
57,66,30,7.2,90,0
66,74,87,4.5,65,0
76,77,32,10.1,84,1
66,53,92,9.6,48,0
78,51,50,10.8,76,0
73,40,52,7.2,62,0
85,87,38,4.9,40,0
57,75,84,7.7,41,0
35,58,48,2.0,82,0
90,64,91,1.1,67,1
49,44,68,1.2,75,0
31,89,56,5.5,70,0
66,71,75,3.5,80,1
49,72,63,2.7,44,0
55,78,62,7.8,76,1
58,93,79,11.9,64,0
30,61,49,3.0,47,0
64,93,69,7.0,73,1
99,31,87,2.3,78,1
88,53,60,11.3,88,1
98,95,67,4.2,71,1
62,67,74,10.7,97,1
80,60,70,4.1,98,1
41,55,38,9.9,50,0
49,58,38,3.3,86,0
82,96,92,4.2,64,0
72,54,51,3.1,42,0
79,77,45,3.9,84,1
58,94,61,10.2,89,1
86,82,95,8.0,91,1
68,96,43,5.5,71,1
85,47,67,11.7,91,1
72,38,37,6.1,74,0
79,67,50,11.7,71,1
52,50,85,3.2,73,1
73,94,75,11.0,76,1
67,50,72,1.2,91,1
52,56,75,7.0,44,0
74,99,77,5.7,84,1
81,73,99,6.8,67,1
79,57,60,7.1,67,1
37,74,62,5.3,47,0
30,46,73,12.0,66,0
37,69,37,11.7,55,0
58,32,31,11.6,57,0
34,95,46,11.8,64,0
76,75,81,9.7,97,1
63,59,74,11.9,87,1
94,98,66,10.8,40,0
84,38,71,5.6,47,0
72,40,73,9.6,99,1
59,98,67,11.0,60,0
46,95,35,8.8,73,0
55,60,97,5.7,63,0
37,62,80,1.7,76,0
76,68,64,9.9,65,0
75,75,87,11.5,86,1
97,66,86,5.0,53,0
62,89,35,2.7,97,1
30,60,42,4.6,68,0
48,40,88,7.4,69,0
60,31,59,4.5,42,0
43,56,31,7.7,46,0
82,31,87,11.6,75,1
77,50,65,8.4,50,0
98,87,74,5.0,71,1
91,34,38,11.3,98,0
95,81,94,7.2,97,1
93,74,79,2.4,51,0
99,49,61,6.5,54,0
92,90,72,8.2,77,1
62,67,83,10.2,97,1
70,49,76,11.3,63,0
77,54,43,4.5,40,0
42,31,77,2.7,57,0
60,61,84,1.8,85,1
97,55,58,9.1,95,1
33,99,76,9.7,46,0
48,70,92,5.5,81,1
99,96,48,5.4,80,1
42,30,38,11.5,41,0
52,80,66,11.1,79,1
30,34,81,3.6,93,0
83,42,86,9.6,70,1
44,48,57,7.8,72,0
94,41,65,2.7,91,1
44,77,93,4.9,69,1
50,54,47,3.0,70,0
48,86,64,4.2,73,1
89,64,97,7.8,46,0
62,34,68,5.1,64,0
78,51,37,5.3,55,0
64,86,44,6.9,61,0
73,76,36,2.0,75,1
40,83,46,9.1,92,0
95,32,93,5.4,66,1
75,82,41,6.3,56,0
38,60,85,11.7,43,0
32,98,75,4.8,97,1
55,62,76,8.1,74,1
77,79,45,5.3,80,1
95,45,98,10.8,61,0
99,68,31,10.3,86,1
57,75,83,3.7,91,1
55,76,56,8.6,74,1
54,73,60,1.7,83,1
41,38,70,11.6,54,0
34,79,65,4.8,91,0
77,89,76,10.2,79,1
66,44,72,4.5,83,1
73,65,94,8.0,60,0
44,92,79,11.8,52,0
72,98,30,10.6,86,1
77,70,86,2.8,50,0
99,53,45,7.0,88,1
75,78,57,4.8,92,1
72,47,51,5.8,95,0
50,36,70,4.7,66,0
52,33,48,4.7,70,0
76,98,79,7.0,83,1
44,89,88,3.1,71,1
54,84,98,6.9,91,1
65,45,63,4.1,69,0
80,58,68,4.2,57,0
44,52,36,9.1,55,0
97,43,81,1.3,74,1
50,78,89,5.2,98,1
42,62,81,5.5,48,0
48,54,53,6.3,78,0
63,50,55,8.4,90,0
97,46,39,5.1,76,1
81,52,46,3.3,90,0
56,86,31,10.7,49,0
58,87,56,11.8,91,1
57,43,77,1.2,51,0
64,49,38,7.0,47,0
37,59,52,4.8,42,0
45,48,56,4.0,58,0
65,82,72,4.7,98,1
59,85,36,8.0,50,0
47,52,92,3.1,47,0
31,91,73,11.0,65,0
78,62,68,6.1,84,1
33,47,69,4.6,97,0
36,62,36,9.4,62,0
68,61,99,1.2,94,1
42,90,54,5.8,49,0
60,83,88,4.9,57,0
92,46,42,4.7,51,0
85,48,91,4.7,78,1
71,99,37,1.3,65,0
90,63,74,2.7,50,0
71,54,47,2.6,49,0
85,97,89,11.9,42,0
65,40,89,1.2,46,0
97,45,31,2.8,43,0
36,90,95,11.7,79,1
83,36,43,7.9,47,0
30,45,77,6.0,77,0
73,45,85,1.9,52,0
74,69,41,8.4,51,0
76,41,84,2.5,74,1
42,64,57,8.4,77,0
51,50,33,11.8,93,0
50,79,65,6.9,90,1
38,72,79,3.4,82,1
55,46,32,7.9,75,0
38,61,30,6.6,86,0
44,70,46,6.9,41,0
39,35,91,6.3,54,0
71,56,77,8.4,88,1
53,49,91,7.3,73,1
78,54,98,11.9,78,1
55,95,48,10.1,65,0
66,38,63,3.9,87,0
97,82,78,9.0,44,0
79,90,76,3.4,87,1
53,67,79,9.6,64,0
48,32,55,2.6,90,0
89,99,85,6.2,73,1
68,84,43,9.7,86,1
47,30,54,4.1,43,0
48,99,33,10.2,73,0
65,74,61,8.1,66,1
84,76,94,5.4,94,1
98,55,90,5.7,81,1
76,43,49,11.2,93,0
78,83,39,3.4,95,1
62,75,63,8.6,68,1
50,60,90,8.8,44,0
51,88,56,11.1,57,0
77,58,69,8.8,43,0
66,46,94,7.4,40,0
44,43,62,10.9,89,0
64,65,97,10.1,59,0
61,87,38,8.9,45,0
40,53,45,1.4,59,0
39,92,34,5.1,59,0
86,54,52,8.0,85,1
54,88,72,6.7,66,1
31,61,86,4.5,65,0
93,47,80,2.6,71,1
64,66,42,7.1,49,0
36,55,53,4.1,57,0
47,38,40,3.6,80,0
96,93,81,5.4,51,0
71,49,46,9.6,49,0
68,83,66,6.4,63,0
70,59,42,3.4,63,0
53,82,91,2.3,92,1
89,92,37,6.5,90,1
75,40,85,9.7,77,1
48,60,99,8.2,85,1
97,78,73,3.6,64,0
71,48,89,5.8,47,0
61,41,70,10.4,94,0
68,44,50,3.0,53,0
65,60,71,6.9,82,1
65,72,58,4.9,70,1
32,66,94,2.4,63,0
37,58,46,1.5,55,0
99,55,59,7.1,59,0
70,31,55,1.2,77,0
97,44,82,2.1,86,1
42,33,48,4.8,54,0
78,79,82,1.5,53,0
89,67,46,5.4,92,1
31,52,75,2.4,51,0
89,88,82,4.8,73,1
34,57,93,9.7,47,0
73,95,74,7.9,58,0
56,37,78,5.9,85,0
61,58,48,2.0,44,0
50,40,94,7.8,95,1
37,47,66,2.8,66,0
79,84,99,1.8,80,1
96,79,55,8.3,52,0
73,43,31,11.0,71,0
87,38,88,6.1,70,1
32,40,34,1.5,80,0
99,92,66,10.7,85,1
31,96,60,1.7,76,1
73,82,77,10.5,41,0
31,68,35,5.3,46,0
64,85,44,5.0,87,1
59,57,44,7.0,50,0
37,68,90,11.5,50,0
51,54,45,10.9,62,0
73,50,49,6.2,70,0
87,39,73,8.7,83,1
65,72,71,7.4,84,1
98,44,75,8.6,47,0
60,77,63,10.1,95,1
76,50,93,1.4,71,1
84,89,58,4.6,87,1
91,79,32,11.6,60,0
59,52,38,11.4,70,0
84,42,54,1.1,40,0
45,98,71,3.2,52,0
41,33,75,11.9,50,0
46,38,88,6.4,68,0
45,64,50,7.3,43,0
41,50,51,2.8,75,0
37,87,58,10.8,54,0
32,47,92,3.5,98,0
45,72,90,3.1,42,0
59,35,93,3.5,95,1
52,96,98,11.1,90,1
34,41,69,8.7,68,0
94,41,30,9.5,60,0
59,95,94,5.1,41,0
50,31,91,11.0,45,0
99,44,83,9.7,70,1
51,52,89,9.3,93,1
61,58,75,11.7,63,0
62,36,34,5.0,79,0
45,57,51,7.7,56,0
67,43,82,11.0,44,0
43,73,99,9.7,41,0
65,59,61,7.2,97,1
52,61,40,1.8,51,0
95,99,39,8.2,44,0
31,35,68,6.8,81,0
94,56,60,3.0,99,1
96,53,41,10.7,80,1
81,63,67,4.8,59,0
91,69,96,5.3,47,0
52,76,95,8.4,40,0
55,53,81,6.4,95,1
97,94,34,2.0,45,0
84,47,40,5.3,95,0
35,73,54,2.0,93,0
64,86,64,3.1,50,0
51,57,64,1.1,42,0
72,52,51,3.0,70,0
44,63,66,4.6,67,0
89,40,84,6.9,86,1
41,64,93,11.1,82,1
78,71,49,6.9,95,1
71,57,33,8.8,44,0
67,53,47,4.9,99,0
74,37,80,9.3,65,0
64,82,97,7.8,55,0
59,33,49,6.1,92,0
59,34,38,3.1,70,0
35,78,55,4.3,67,0
96,59,54,7.8,46,0
36,92,97,5.7,77,1
81,76,70,10.8,48,0
43,55,88,3.6,78,1
44,86,74,1.8,74,1
50,66,70,7.5,82,1
64,36,67,10.7,66,0
95,69,48,5.0,51,0
31,68,43,8.1,92,0
64,91,50,3.5,64,0
49,82,44,7.1,82,0
39,33,32,9.7,68,0
54,54,66,10.5,70,0
95,36,75,2.2,97,1
54,57,45,4.9,73,0
83,98,43,8.0,72,1
62,96,38,1.4,66,1
65,49,36,8.6,95,0
43,40,43,6.8,95,0
94,96,35,4.2,41,0
83,36,44,10.0,53,0
81,52,81,4.2,52,0
32,90,63,11.9,63,0
70,63,30,10.0,44,0
35,48,98,8.8,73,1
54,87,49,1.7,94,1
42,38,36,10.9,62,0
37,77,36,9.7,58,0
50,70,79,3.5,69,1
97,77,31,5.3,88,1
54,74,76,4.0,82,1
97,54,43,11.8,55,0
74,54,60,10.4,91,1
89,48,79,11.2,89,1
41,68,90,9.7,91,1
61,56,70,6.0,79,1
42,92,43,3.3,73,0
60,97,34,3.3,88,1
49,48,34,2.7,50,0
47,57,93,7.0,53,0
89,62,58,11.1,87,1
92,39,34,11.9,86,0
35,59,65,4.2,54,0
61,51,48,8.7,74,0
72,32,93,7.6,97,1
31,77,51,6.4,46,0
89,31,63,8.3,68,1
52,83,85,5.1,83,1
60,35,46,11.4,93,0
34,69,85,8.8,61,0
63,31,46,9.3,62,0
39,31,47,3.7,63,0
31,84,74,2.9,74,1
40,89,85,5.3,90,1
79,35,79,9.4,49,0
60,48,87,11.3,47,0
85,56,47,5.7,87,1
38,30,36,9.5,87,0
50,62,39,6.2,51,0
57,69,98,4.2,68,1
91,61,32,9.1,68,1
36,98,73,9.8,62,0
45,46,99,3.2,65,0
33,37,43,4.4,76,0
33,86,33,6.4,71,0
69,71,47,3.1,91,1
46,38,81,11.2,77,0
81,64,67,7.5,96,1
81,82,49,2.3,45,0
65,83,73,3.0,47,0
67,54,80,11.5,56,0
79,96,48,9.1,51,0
92,91,97,9.1,61,0
92,84,95,1.8,53,0
91,75,42,10.8,73,1
36,53,91,5.9,58,0
56,75,90,8.3,45,0
43,51,59,11.6,57,0
34,40,59,2.1,75,0
84,77,80,6.3,93,1
31,37,77,1.5,76,0
91,68,62,6.5,77,1
50,64,48,3.8,54,0
50,78,86,11.0,77,1
39,75,48,5.4,79,0
87,67,70,8.0,48,0
68,37,71,10.5,92,0
34,83,81,11.8,93,1
94,66,33,6.5,45,0
42,69,33,6.0,93,0
82,63,34,1.8,41,0
74,46,70,1.1,55,0
61,62,90,7.7,91,1
65,76,84,1.7,40,0
89,81,42,5.2,69,1
40,38,43,1.0,99,0
92,62,89,7.8,87,1
50,89,54,5.7,72,1
81,50,73,2.4,40,0
84,87,39,4.3,78,1
55,98,79,7.3,55,0
97,39,73,8.2,56,0
63,35,43,6.1,87,0
81,42,44,9.8,87,0
81,94,45,2.2,77,1
58,49,31,1.9,57,0
67,86,59,1.5,61,0
71,75,59,6.9,61,0
50,37,60,8.8,99,0
71,39,49,2.4,98,0
42,96,78,8.0,74,1
93,40,64,6.2,70,1
46,41,52,11.9,79,0
38,39,90,8.9,66,0
70,54,84,8.2,75,1
30,78,96,7.3,94,1
31,78,37,12.0,43,0
89,40,69,11.8,88,1
77,91,88,6.9,93,1
58,65,61,6.0,44,0
39,68,36,6.1,64,0
87,82,31,5.7,70,1
89,85,35,6.8,53,0
50,30,65,4.0,69,0
57,85,61,11.2,86,1
63,33,74,6.4,96,0
37,59,71,10.3,51,0
88,41,82,6.2,66,1
78,64,38,8.9,84,0
46,81,78,4.7,63,0
89,60,31,7.9,94,0
74,97,96,6.5,69,1
98,81,40,5.0,57,0
61,36,79,10.7,53,0
73,51,64,2.2,95,1
94,85,44,6.4,58,0
37,87,60,3.1,61,0
72,93,91,10.5,65,0
30,41,57,3.8,46,0
80,36,54,8.0,67,0
53,84,54,2.8,77,1
53,91,30,5.5,44,0
46,84,88,10.9,75,1
34,65,98,2.8,57,0
49,53,71,8.3,96,0
50,73,63,3.2,53,0
87,46,95,5.6,87,1
60,31,47,6.9,62,0
40,42,34,7.4,94,0
81,60,49,7.6,91,1
44,57,95,8.0,53,0
36,89,91,4.0,71,1
57,56,61,5.4,44,0
80,44,87,1.4,61,0
87,62,79,9.5,67,1
34,49,67,10.2,82,0
34,71,84,3.2,51,0
37,41,57,3.2,57,0
93,52,51,1.5,75,1
39,43,72,11.7,70,0
67,54,65,9.9,52,0
37,60,81,5.0,59,0
54,83,65,6.3,99,1
95,34,57,4.2,84,1
79,42,87,7.6,75,1
96,57,65,8.9,94,1
78,72,99,5.9,94,1
65,76,38,10.6,46,0
97,67,50,6.7,62,0
70,96,93,2.6,73,1
91,91,90,7.8,92,1
39,68,69,6.1,97,0
50,66,85,11.3,89,1
65,37,33,5.3,71,0
41,81,60,5.4,60,0
31,62,56,8.2,99,0
42,71,87,6.8,45,0
82,56,54,5.1,55,0
61,37,98,11.9,74,1
45,52,99,4.3,93,1
61,93,34,4.1,86,1
61,49,37,10.5,92,0
40,45,38,1.0,59,0
39,46,44,3.2,81,0
44,48,36,7.5,80,0
46,37,44,2.8,50,0
69,67,66,11.8,71,1
47,67,68,6.1,53,0
84,82,35,7.6,63,0
54,60,86,2.8,83,1
88,73,48,4.2,78,1
51,89,92,7.8,82,1
59,46,60,7.0,70,0
73,68,39,9.6,56,0
61,71,96,4.0,64,0
80,77,91,8.2,48,0
75,41,32,4.2,61,0
50,47,47,7.5,94,0
61,35,54,7.7,84,0
68,72,49,2.3,87,1
41,64,87,7.0,74,1
76,83,79,1.1,76,1
47,91,39,6.5,94,0
50,98,50,8.7,56,0
42,45,58,1.8,67,0
50,37,39,11.3,40,0
37,60,42,6.0,92,0
75,39,76,11.3,48,0
36,85,52,2.2,94,0
52,99,79,11.4,88,1
51,49,33,2.2,52,0
51,34,96,6.1,86,1
58,52,82,11.3,71,1
42,38,31,3.6,67,0
31,87,97,1.4,92,1
58,88,94,9.7,70,1
81,83,86,7.6,47,0
56,75,99,6.7,47,0
79,51,36,1.4,99,0
52,93,48,8.2,73,1
73,37,73,2.9,62,0
51,49,92,11.2,49,0
72,80,94,8.5,76,1
66,68,68,8.8,87,1
90,66,55,3.6,64,0
85,79,73,10.7,90,1
32,63,41,6.9,72,0
92,62,51,10.4,84,1
48,60,43,4.0,43,0
52,83,59,9.3,46,0
58,73,73,7.3,72,1
59,63,67,1.5,41,0
68,91,88,5.5,87,1
54,52,71,3.0,85,0
37,75,81,5.0,71,1
87,85,92,5.2,44,0
45,36,90,6.2,96,0
30,90,63,7.6,85,1
34,32,68,7.3,56,0
32,67,70,1.4,51,0
94,63,66,9.3,91,1
33,73,94,11.4,51,0
93,59,61,4.8,74,1
39,46,37,3.0,60,0
50,88,47,6.9,60,0
75,39,74,8.8,97,1
56,47,62,8.5,41,0
95,74,34,7.7,92,1
70,88,65,2.6,96,1
42,91,52,10.2,60,0
38,88,69,5.7,54,0
65,78,34,3.4,50,0
87,92,63,1.9,49,0
83,61,53,5.6,57,0
41,39,46,7.8,62,0
43,40,51,8.3,70,0
63,99,44,11.6,93,1
82,91,44,2.7,94,1
49,76,54,11.8,95,0
45,63,82,8.2,65,0
99,46,50,6.0,92,1
85,83,95,10.8,41,0
87,69,61,8.6,78,1
33,48,50,4.8,46,0
33,96,97,10.7,63,0
49,82,73,8.3,78,1
39,93,95,8.7,71,1
53,76,43,10.9,65,0
55,35,44,5.9,62,0
66,45,49,8.2,53,0
83,47,63,9.2,68,1
50,81,65,6.0,64,0
67,77,38,1.9,95,1
75,72,59,9.5,70,1
33,68,92,1.5,41,0
89,78,64,8.9,41,0
86,41,42,11.0,62,0
74,39,75,4.8,97,1
49,84,85,2.1,86,1
46,30,38,3.6,50,0
33,78,65,7.2,68,0
43,65,32,11.4,81,0
32,50,48,6.6,74,0
87,66,57,2.2,88,1
84,53,52,7.9,48,0
33,84,36,9.1,71,0
53,54,43,5.3,69,0
63,36,75,8.9,54,0
59,53,44,4.6,53,0
48,40,96,9.7,90,1
60,41,44,4.8,56,0
89,64,80,3.8,61,0
89,92,37,10.7,91,1
48,97,98,7.0,69,1
78,86,91,4.1,56,0
92,42,80,11.3,55,0
51,52,92,8.6,91,1
53,68,97,3.4,47,0
59,41,45,7.8,98,0
87,63,53,10.6,78,1
60,60,35,8.7,70,0
93,91,86,3.7,51,0
48,42,60,8.1,72,0
77,60,35,7.8,97,0
74,31,58,10.0,51,0
84,44,96,3.0,64,0
84,86,32,8.7,77,1
47,63,57,1.3,87,0
92,97,77,8.7,57,0
76,58,39,11.6,58,0
86,95,62,2.9,94,1
74,45,96,4.4,42,0
62,68,98,7.4,74,1
46,66,41,9.1,44,0
99,50,86,4.8,74,1
33,73,73,8.3,90,0
49,48,42,10.9,66,0
76,37,53,9.0,76,0
44,95,73,8.8,85,1
99,70,86,5.2,60,0
76,99,45,11.0,55,0
38,90,50,4.1,67,0
45,55,80,3.3,64,0
98,99,50,5.0,72,1
90,58,89,8.2,56,0
39,95,80,10.5,82,1
79,48,50,2.5,69,0
32,97,35,10.0,80,0
99,87,94,9.9,92,1
80,99,87,7.5,43,0
48,86,35,9.4,41,0
71,66,94,3.0,99,1
64,90,63,2.9,48,0
75,59,85,10.5,93,1
55,54,32,6.5,70,0
98,94,71,3.7,64,0
93,35,91,8.6,76,1
66,47,35,10.8,75,0
78,39,35,8.0,94,0
50,40,92,4.8,44,0
93,94,49,6.3,63,0
34,94,50,9.3,63,0
99,81,31,1.7,68,1
33,96,85,3.4,89,1
68,60,39,6.1,84,0
64,46,99,7.6,70,1
30,84,52,4.7,76,0
53,65,59,4.3,97,0
86,55,66,1.5,95,1
99,82,84,1.4,58,0
70,46,78,4.1,62,0
83,54,63,6.8,74,1
75,31,73,7.1,93,0
89,34,51,6.4,89,0
89,33,60,5.5,45,0
86,65,36,3.8,45,0
60,35,50,5.4,95,0
53,50,45,2.5,76,0
65,55,49,2.3,69,0
59,84,72,4.3,40,0
53,68,73,11.9,47,0
59,62,76,4.6,67,1
36,43,48,11.3,64,0
64,85,77,5.3,72,1
84,50,98,5.8,92,1
43,75,40,9.8,99,0
39,45,58,2.0,77,0
45,45,74,3.0,91,0
83,58,97,11.7,53,0
99,37,65,6.6,50,0
73,32,77,1.5,41,0
74,48,44,1.5,92,0
85,95,73,11.0,69,1
86,51,96,10.6,69,1
50,75,69,6.0,43,0
97,42,43,2.8,52,0
79,62,92,10.1,46,0
62,34,80,4.6,77,0
36,56,87,5.6,42,0
99,53,44,8.5,48,0
44,96,94,4.9,53,0
61,92,84,7.9,91,1
49,77,39,10.7,50,0
44,92,71,9.8,76,1
77,41,40,5.2,53,0
50,57,45,4.2,58,0
71,73,48,4.1,47,0
55,72,60,4.8,98,1
43,46,82,6.4,46,0
86,69,37,5.6,98,1
66,78,53,2.5,98,1
87,86,37,2.8,46,0
50,93,77,4.8,95,1
98,86,59,7.2,94,1
32,99,87,7.5,42,0
66,72,84,6.3,42,0
78,52,91,9.1,57,0
48,56,77,9.1,84,1
41,87,33,5.7,72,0
90,66,66,2.4,76,1
70,35,37,6.8,67,0
62,94,30,5.2,75,1
79,35,99,2.5,55,0
97,79,76,11.8,54,0
62,51,34,5.1,68,0
53,54,79,7.9,98,1
90,80,53,6.4,57,0
90,77,76,2.6,88,1
57,99,47,1.6,85,1
87,94,57,7.9,85,1
72,89,34,3.7,58,0
70,75,59,3.7,68,1
68,65,30,11.5,45,0
78,87,75,6.1,84,1
46,67,98,1.3,89,1
99,40,60,4.7,97,1
99,41,99,7.4,86,1
94,71,85,4.6,94,1
34,68,57,1.3,66,0
31,40,45,5.9,46,0
51,65,83,2.2,66,1
86,81,82,7.8,58,0
95,60,41,7.8,56,0
45,62,49,1.4,80,0
80,42,63,4.2,50,0
68,47,82,5.6,44,0
69,70,93,7.1,41,0
67,87,52,4.3,86,1
89,85,56,4.2,95,1
88,53,46,11.8,51,0
39,60,77,1.5,81,0
93,84,50,11.9,81,1
92,39,79,1.5,91,1
78,89,69,4.2,50,0
93,31,32,6.4,49,0
61,44,46,2.6,67,0
36,32,90,2.5,46,0
50,72,79,3.8,53,0
49,60,35,11.7,52,0
55,99,57,5.2,44,0
97,96,84,7.2,90,1
44,85,87,8.7,81,1
43,92,74,9.2,47,0
56,44,48,8.6,89,0
69,39,58,4.7,40,0
87,67,52,2.2,44,0
57,76,61,4.1,50,0
55,86,39,3.3,91,0
92,79,78,2.5,82,1
95,44,94,1.3,87,1
54,47,58,11.3,49,0
32,31,88,11.1,54,0
73,72,74,1.6,78,1
71,55,96,2.9,86,1
35,67,80,2.5,68,1
68,71,40,4.1,64,0
81,34,35,3.2,87,0
52,40,96,11.4,45,0
79,94,91,1.9,50,0
72,63,34,3.3,56,0
48,30,38,1.9,54,0
98,31,57,11.8,55,0
80,49,67,11.1,95,1
40,90,72,8.9,41,0
41,50,50,5.7,75,0
37,97,91,3.1,58,0
53,41,75,3.4,77,0
70,51,99,5.9,89,1
65,49,67,9.5,60,0
84,30,78,3.9,50,0
38,59,68,4.4,80,0
76,53,59,7.6,42,0
44,43,50,3.6,73,0
77,65,30,7.4,57,0
71,98,61,5.3,54,0
89,53,37,1.4,64,0
99,89,98,5.4,93,1
41,84,59,11.1,89,1
31,53,37,4.2,90,0
36,53,48,4.6,54,0
32,83,88,1.7,69,1
32,55,84,7.8,56,0
56,95,59,10.3,57,0
69,67,65,4.9,70,1
62,94,84,3.6,89,1
30,80,73,11.5,82,1
37,64,56,9.2,57,0
61,72,83,7.2,94,1
77,58,77,4.4,74,1
33,66,59,3.4,52,0
99,87,68,8.9,53,0
48,83,42,6.7,98,0
61,68,45,6.7,75,0
38,71,73,1.8,57,0
41,57,56,6.6,44,0
40,58,74,10.1,53,0
75,72,64,11.4,64,0
45,32,57,2.2,83,0
30,39,36,7.9,96,0
92,88,91,7.3,78,1
50,43,80,10.8,51,0
59,76,75,9.3,79,1
42,71,49,11.6,92,0
63,61,67,11.6,92,1
33,61,90,3.5,67,1
57,71,61,9.0,74,1
88,61,55,6.8,93,1
56,55,87,3.4,40,0
98,30,68,3.1,42,0
54,85,49,1.9,82,1
32,31,79,9.8,89,0
97,59,81,4.6,46,0
54,81,51,10.4,48,0
49,38,82,7.7,75,0
63,51,95,8.4,62,0
55,63,72,4.2,63,0
34,78,52,6.0,49,0
90,30,93,5.5,89,1
38,82,38,3.6,94,0
79,69,36,10.2,87,1
35,74,70,7.8,51,0
89,97,83,1.4,58,0
73,38,94,10.0,71,1
40,51,31,2.2,63,0
95,47,33,5.4,61,0
76,72,61,7.3,42,0
32,68,31,1.1,79,0
59,35,93,8.2,66,1
50,77,43,8.3,58,0
57,36,49,8.2,48,0
91,98,78,2.8,98,1
62,45,37,3.8,90,0
64,30,92,3.7,88,1
81,66,75,11.6,52,0
63,66,50,1.7,41,0
70,93,61,5.7,75,1
80,91,37,10.6,68,1
76,90,45,9.5,50,0
87,62,69,10.0,73,1
86,95,56,11.7,43,0
52,59,47,5.3,43,0
77,49,64,4.4,91,1
51,89,81,1.3,40,0
46,53,44,2.7,64,0
98,33,92,7.2,65,0
40,66,82,2.7,50,0
44,33,95,9.1,62,0
64,47,60,1.4,41,0
62,95,90,3.9,58,0
45,77,93,8.6,68,1
63,62,63,3.8,79,1
95,87,84,9.0,94,1
69,57,88,12.0,91,1
57,64,32,9.8,43,0
76,39,46,4.8,96,0
68,94,75,10.9,55,0
99,71,67,1.6,86,1
49,38,64,9.0,76,0
30,89,30,1.3,66,0
92,44,58,2.9,44,0
96,86,33,11.9,54,0
33,98,90,5.0,62,0
87,51,46,10.0,88,1
54,93,57,5.1,42,0
76,70,79,10.2,57,0
67,85,37,11.6,82,1
44,52,63,5.8,65,0
92,54,88,7.2,45,0
50,35,47,7.9,98,0
86,63,88,11.3,83,1
82,92,56,3.8,93,1
75,38,45,7.7,97,0
43,89,39,4.6,56,0
46,78,51,3.4,85,0
68,80,45,1.9,77,1
38,89,41,7.8,81,0
35,99,80,10.7,87,1
52,66,30,4.9,89,0
88,60,56,7.1,66,1
75,70,96,8.1,59,0
67,91,41,5.6,45,0
43,87,59,10.9,90,1
91,43,38,5.0,74,0
64,65,82,2.4,51,0
48,65,90,2.6,87,1
59,37,83,10.8,42,0
54,55,66,11.9,87,0
69,65,94,4.2,43,0
43,77,71,2.6,96,1
55,57,78,6.3,91,1
51,97,33,8.8,84,1
77,91,93,7.7,43,0
80,80,80,11.5,43,0
32,71,89,10.0,78,1
71,58,60,10.6,60,0
48,39,87,7.0,83,0
57,68,33,4.6,41,0
74,30,51,8.7,55,0
92,68,32,5.8,46,0
48,50,76,4.2,58,0
76,94,67,2.7,82,1
43,44,62,6.8,72,0
67,33,77,7.5,48,0
82,89,94,7.3,76,1
90,90,55,2.3,97,1
65,49,37,7.3,56,0
69,39,79,2.9,66,1
59,63,67,8.3,72,1
38,77,39,5.7,88,0
93,62,71,10.3,51,0
62,90,66,9.6,96,1
81,39,55,9.0,84,0
43,83,41,8.7,95,0
82,94,78,7.2,50,0
88,30,43,1.7,52,0
70,34,75,8.2,70,0
97,44,64,6.1,52,0
97,57,58,6.2,77,1
37,52,41,5.2,65,0
31,46,73,11.2,70,0
70,42,95,3.7,61,0
84,43,31,4.5,45,0
45,40,88,11.6,59,0
91,57,46,9.9,60,0
77,71,39,1.2,49,0
59,90,47,11.0,58,0
41,93,51,3.5,74,1
64,60,87,8.8,65,0
40,39,82,7.1,46,0
93,37,30,6.9,76,0
79,50,90,8.9,47,0
50,88,60,3.3,44,0
98,79,60,2.7,83,1
77,98,95,8.2,75,1
49,99,48,4.2,90,1
96,59,82,11.7,67,1
73,46,51,6.0,89,0
62,49,52,2.2,42,0
90,77,44,8.5,78,1
38,31,55,4.4,47,0
97,66,32,2.6,54,0
64,30,49,5.7,92,0
94,33,69,11.6,66,1
37,83,68,5.5,88,1
74,54,47,4.8,90,0
76,32,70,5.9,75,0
69,38,99,1.1,55,0
83,63,56,2.5,65,0
75,72,44,10.3,84,1
76,51,66,11.8,83,1
44,99,87,2.7,43,0
48,31,34,6.9,51,0
55,95,36,11.6,56,0
81,61,70,2.7,97,1
51,45,39,3.0,80,0
50,30,91,11.2,83,0
80,77,55,8.8,65,0
67,79,97,2.7,70,1
49,42,53,5.3,54,0
58,44,70,1.6,91,0
80,82,94,5.8,73,1
33,73,46,9.6,68,0
84,37,53,7.1,48,0
57,75,56,8.1,53,0
33,98,36,4.6,75,0
51,48,41,2.8,43,0
74,67,32,1.1,98,0
96,40,39,10.0,77,0
95,72,62,8.0,95,1
63,49,75,3.5,76,1
84,49,88,5.6,99,1
30,50,81,9.8,63,0
67,86,35,6.9,56,0
35,79,31,4.3,52,0
54,55,58,3.9,59,0
46,59,69,3.4,56,0
90,60,90,10.1,90,1
41,71,97,7.4,66,1
35,97,97,8.8,94,1
56,90,58,10.5,72,1
37,90,91,11.9,60,0
94,99,89,3.7,56,0
86,97,70,3.0,61,0
69,46,94,6.1,64,0
43,48,93,1.4,42,0
64,80,92,9.7,66,1
77,99,77,10.7,66,1
85,92,49,8.5,85,1
78,59,66,3.9,51,0
42,54,93,2.4,54,0
90,55,34,5.2,77,0
78,85,63,10.2,59,0
75,51,68,4.8,61,0
91,48,96,1.4,41,0
37,60,91,4.0,43,0
72,55,53,11.9,84,0
49,71,32,8.4,52,0
68,70,96,10.9,94,1
78,52,79,9.5,71,1
93,76,58,6.9,98,1
91,42,61,2.6,61,0
83,95,68,4.8,64,0
38,95,38,7.4,66,0
66,45,43,10.6,94,0
78,57,97,4.0,56,0
70,64,93,2.3,45,0
46,70,49,7.1,82,0
50,60,57,2.9,90,0
80,61,43,7.7,55,0
88,83,73,3.9,47,0
68,88,68,3.5,72,1
84,70,57,5.4,49,0
70,95,93,7.5,73,1
68,83,61,7.0,58,0
42,69,38,3.7,53,0
93,57,57,10.8,42,0
40,66,46,2.2,94,0
48,94,84,1.4,95,1
40,84,39,7.6,80,0
75,33,35,2.4,62,0
74,39,77,6.6,79,1
30,76,96,11.5,50,0
69,43,70,8.7,86,1
48,67,89,7.8,45,0
90,41,71,7.3,73,1
41,74,57,3.0,40,0
90,46,42,5.8,74,0
62,64,44,4.8,64,0
74,95,65,11.5,68,1
98,70,44,3.7,62,0
37,96,85,6.2,57,0
54,58,33,11.3,53,0
75,47,81,9.7,56,0
59,49,39,11.6,41,0
76,43,74,7.7,70,1
78,63,58,4.7,58,0
76,78,82,10.1,71,1
47,83,58,4.2,93,1
95,60,52,2.8,67,1
97,87,86,8.8,80,1
62,71,79,8.0,47,0
65,87,50,10.7,81,1
48,59,72,11.6,80,0
57,54,39,10.4,98,0
69,92,59,1.7,98,1
44,48,80,8.3,79,0
70,37,62,9.6,78,0
68,32,47,11.8,61,0
31,96,51,5.1,63,0
92,46,93,2.9,77,1
58,43,50,10.4,41,0
95,38,30,4.5,80,0
80,91,44,7.6,80,1
39,50,65,5.3,58,0
43,66,76,5.4,80,1
80,40,83,9.1,41,0
68,49,61,5.0,67,0
57,64,87,8.6,71,1
32,82,75,1.2,58,0
99,76,83,4.6,55,0
56,81,62,4.5,69,1
31,37,68,9.2,61,0
67,33,52,4.5,53,0
32,56,72,8.0,91,0
45,73,84,8.6,95,1
69,69,31,8.2,40,0
31,76,95,7.6,84,1
70,73,67,5.5,93,1
41,77,58,5.1,41,0
64,81,96,7.2,61,0
94,97,65,1.7,85,1
84,40,58,10.6,72,1
74,33,66,10.1,54,0
91,77,74,4.8,89,1
78,55,45,7.2,80,0
54,68,60,11.3,61,0
52,87,63,4.0,79,1
53,48,79,9.2,78,0
67,87,94,1.9,80,1
57,57,91,6.8,80,1
50,95,72,10.7,50,0
83,39,85,7.1,43,0
47,87,44,7.8,46,0
65,43,77,11.0,60,0
74,44,78,8.9,46,0
82,62,73,8.7,43,0
59,46,39,7.5,51,0
89,53,49,8.0,97,1
61,59,99,9.8,66,1
96,91,37,11.8,98,1
96,42,74,9.7,56,0
57,91,63,8.8,59,0
73,76,80,2.5,70,1
70,45,33,10.0,65,0
92,95,68,9.1,70,1
52,72,53,9.5,74,0
77,37,84,3.5,48,0
61,32,55,10.9,44,0
86,41,54,2.1,91,1
62,45,65,3.8,87,0
53,88,87,8.3,47,0
68,78,41,8.4,60,0
63,92,30,4.4,55,0
85,91,79,8.7,90,1
57,78,54,5.3,55,0
66,80,34,1.0,57,0
36,62,97,2.8,86,1
97,59,35,10.7,95,1
66,88,55,3.4,67,1
85,44,84,2.2,57,0
94,52,68,8.5,53,0
94,74,38,5.8,95,1
76,91,74,9.8,87,1
49,44,43,10.5,76,0
48,75,84,10.3,79,1
58,93,38,4.4,55,0
89,75,44,6.6,60,0
47,85,66,8.2,40,0
64,73,79,4.5,99,1
72,58,50,1.5,50,0
40,91,86,6.5,50,0
78,81,48,1.1,41,0
67,83,87,11.5,71,1
93,86,35,9.8,93,1
98,95,33,3.1,58,0
37,51,72,4.2,95,0
63,49,71,11.8,44,0
77,62,32,5.1,42,0
85,54,30,9.6,67,0
94,75,84,5.9,65,0
60,86,44,10.5,62,0
33,34,76,8.7,69,0
79,84,75,1.3,47,0
98,90,87,4.2,75,1
59,37,68,7.1,68,0
88,45,32,11.2,52,0
96,77,59,2.1,98,1
74,90,64,7.6,64,0
33,44,86,4.3,61,0
55,94,58,10.8,85,1
56,51,79,9.4,72,1
75,32,91,5.1,76,1
93,83,81,2.8,92,1
80,43,43,1.1,46,0
79,65,64,7.8,62,0
35,96,57,5.5,45,0
88,39,87,4.5,54,0
44,78,59,11.8,54,0
59,94,36,6.1,79,1
71,86,68,9.2,73,1
66,56,98,3.0,53,0
71,34,64,1.1,68,0
64,86,81,5.6,55,0
35,44,43,8.3,68,0
97,59,92,6.6,62,0
47,49,65,10.8,49,0
58,66,53,5.8,86,0
88,32,69,4.4,94,1
76,70,58,11.1,43,0
46,68,82,5.5,51,0
51,55,51,4.0,81,0
97,31,44,2.1,73,0
98,52,98,9.7,43,0
66,52,93,10.1,59,0
78,45,33,1.4,67,0
42,38,47,4.9,67,0
63,42,71,9.2,45,0
82,57,59,11.4,53,0
80,56,44,5.2,94,0
32,80,99,10.6,74,1
71,93,84,5.3,86,1
61,81,82,3.0,97,1
80,67,45,1.0,40,0
75,94,63,4.6,58,0
50,47,56,5.2,96,0
73,92,42,11.4,40,0
40,80,56,3.3,52,0
97,38,98,5.2,47,0
30,42,60,1.3,57,0
92,69,32,9.4,93,1
53,84,59,11.1,74,1
42,72,50,3.6,62,0
40,73,35,5.7,89,0
80,97,61,2.3,91,1
46,62,71,6.0,65,0
53,53,91,2.5,80,1
48,65,61,6.8,77,0
66,39,68,9.1,59,0
37,49,93,7.1,41,0
57,41,59,3.7,65,0
34,91,92,4.9,96,1
46,47,60,8.0,75,0
65,92,69,7.5,64,0
48,54,62,2.5,69,0
93,41,92,10.3,57,0
40,50,54,6.2,46,0
83,54,65,2.8,66,1
74,40,53,2.4,50,0
76,93,87,11.6,76,1
41,79,68,4.1,47,0
50,91,75,11.0,50,0
40,78,39,5.5,63,0
34,43,61,5.2,69,0
85,30,65,8.7,69,0
49,54,57,1.1,91,0
70,88,45,4.7,91,1
75,98,45,4.3,54,0
41,34,47,10.5,95,0
99,48,37,6.8,74,1
46,52,99,5.0,78,1
48,38,30,3.9,63,0
55,79,91,7.5,47,0
77,45,67,2.7,82,1
81,62,74,3.7,81,1
99,31,87,4.2,59,0
84,43,30,7.7,80,0
62,30,61,5.1,86,0
91,87,37,6.6,65,0
52,45,69,8.2,91,0
44,76,85,11.5,63,0
56,73,92,9.4,61,0
93,43,65,5.5,44,0
80,53,86,9.2,54,0
82,84,74,11.4,75,1
80,44,31,6.5,76,0
76,63,97,5.5,68,1
33,31,79,1.9,54,0
36,56,58,10.8,66,0
64,52,39,3.7,88,0
77,97,56,1.7,94,1
74,43,44,6.9,47,0
48,92,89,10.3,99,1
92,94,60,5.5,96,1
67,97,50,9.6,68,1
96,92,89,10.2,58,0
88,93,87,6.0,70,1
98,61,70,7.5,48,0
42,42,75,6.9,49,0
76,95,74,11.3,76,1
90,48,55,9.0,49,0
60,53,80,11.2,93,1
51,40,65,3.4,72,0
72,88,81,4.4,64,0
96,44,80,1.8,96,1
83,39,32,6.5,93,0
39,70,43,10.6,95,0
71,56,78,4.6,43,0
93,89,30,2.4,92,1
50,81,86,1.8,44,0
95,57,46,5.9,62,0
70,94,79,2.8,78,1
53,46,43,4.8,94,0
64,73,88,10.0,44,0
85,39,32,5.2,91,0
59,92,69,7.7,47,0
86,76,95,6.5,56,0
76,67,63,8.9,40,0
64,99,38,2.7,93,1
48,82,50,11.1,89,0
37,73,54,8.1,51,0
55,83,73,4.0,74,1
59,49,54,2.4,91,0
36,60,38,2.6,53,0
96,36,91,9.6,87,1
94,87,55,7.5,57,0
65,39,86,5.2,49,0
54,39,66,4.7,94,0
66,68,45,10.4,54,0
30,57,66,10.6,81,0
44,59,53,7.4,72,0
66,66,55,6.8,58,0
42,96,49,10.0,73,1
37,72,38,9.2,84,0
34,81,58,5.4,64,0
89,85,60,1.9,55,0
30,97,48,9.5,47,0
65,38,49,2.9,74,0
64,52,56,1.2,60,0
95,92,73,10.3,58,0
92,90,64,7.4,85,1
52,69,51,10.8,50,0
38,73,44,6.3,83,0
63,53,42,11.2,50,0
75,80,33,4.9,99,1
33,87,85,9.0,50,0
59,62,52,4.3,61,0
32,45,63,1.0,60,0
43,51,46,5.2,66,0
89,86,57,9.1,57,0
74,91,43,2.7,81,1
63,99,63,6.6,87,1
74,59,86,3.3,79,1
90,52,84,1.8,77,1
45,61,95,7.8,69,1
95,86,66,11.5,90,1
69,38,97,4.4,84,1
46,60,55,7.4,86,0
63,38,90,11.5,84,1
45,42,96,8.2,72,1
89,87,81,8.4,60,0
95,32,47,3.0,99,0
95,64,82,6.4,98,1
42,50,92,5.0,41,0
85,93,82,6.2,52,0
60,81,56,9.8,41,0
63,63,60,6.1,96,1
68,64,30,1.7,82,0
96,44,35,11.0,84,0
37,35,40,7.0,70,0
84,61,63,11.2,49,0
56,81,92,7.3,62,0
82,57,82,1.8,61,0
68,93,47,7.1,86,1
94,48,50,7.3,68,1
46,44,48,3.4,72,0
59,35,33,6.2,70,0
82,67,58,6.1,53,0
42,55,54,7.9,49,0
50,80,85,3.9,57,0
48,82,92,7.4,50,0
82,85,56,3.7,78,1
48,88,89,5.9,86,1
86,99,78,2.3,42,0
54,87,94,1.4,41,0
60,42,67,4.5,93,0
84,72,81,4.0,47,0
52,80,30,5.5,70,0
61,48,69,11.6,47,0
91,50,50,6.7,82,1
39,53,44,7.1,87,0
83,55,79,11.4,41,0
81,74,77,11.1,61,0
49,57,61,10.7,99,0
61,58,78,2.1,44,0
43,46,97,8.0,46,0
79,97,74,9.9,59,0
57,73,61,10.2,67,1
82,90,33,7.4,52,0
53,97,94,1.2,41,0
51,54,94,11.7,71,1
59,96,47,6.2,65,0
92,31,83,5.3,42,0
33,78,76,5.3,80,1
88,99,35,5.7,81,1
37,55,95,3.7,95,1
41,56,38,4.6,52,0
60,47,97,11.8,96,1
63,83,52,5.0,60,0
78,30,72,6.8,84,0
86,90,80,10.3,76,1
55,32,54,6.8,62,0
47,97,64,4.6,46,0
67,70,46,6.8,56,0
79,66,47,2.3,67,1
37,80,56,2.4,86,0
70,44,44,8.6,69,0
35,37,98,11.1,44,0
98,67,44,9.0,63,0
73,85,71,1.8,46,0
93,76,63,5.4,98,1
58,39,77,1.0,73,0
57,78,37,6.6,95,0
40,70,39,3.1,89,0
94,59,34,10.5,81,1
48,34,77,2.1,72,0
38,60,55,1.0,98,0
56,81,52,6.0,66,1
63,52,91,2.7,53,0
73,77,42,9.1,98,1
97,69,38,11.1,58,0
44,35,49,1.5,87,0
80,67,86,5.4,90,1
42,70,53,12.0,77,0
78,56,62,9.1,51,0
99,98,49,11.5,42,0
85,86,89,2.8,46,0
80,46,77,3.4,95,1
66,76,93,2.7,74,1
46,42,59,4.3,64,0
87,40,46,9.0,88,0
58,53,43,2.8,54,0
62,33,48,6.8,58,0
89,75,88,4.0,99,1
84,47,96,10.1,58,0
39,72,73,1.1,62,0
76,62,61,3.5,50,0
52,39,40,7.7,98,0
50,88,31,2.1,60,0
42,60,97,6.1,91,1
62,57,46,5.8,73,0
53,89,69,10.4,78,1
40,32,75,7.9,90,0
46,84,33,8.0,46,0
97,43,67,11.5,81,1
76,87,92,11.8,83,1
54,44,58,8.2,94,0
50,31,48,6.7,66,0
41,53,58,7.7,89,0
66,93,64,5.2,62,0
71,53,99,11.9,77,1
46,56,52,8.8,97,0
77,66,75,4.2,59,0
57,68,73,1.6,66,1
70,92,77,1.5,92,1
76,55,81,3.3,99,1
47,94,37,3.6,47,0
42,33,84,5.6,76,0
42,58,95,3.4,42,0
60,30,69,7.9,41,0
31,79,60,3.3,61,0
45,40,77,3.1,45,0
38,88,90,6.2,78,1
67,91,81,10.8,79,1
83,65,67,6.2,75,1
85,85,65,5.6,83,1
74,50,84,7.4,63,0
63,42,42,3.8,51,0
38,38,66,4.9,56,0
37,40,76,3.4,61,0
36,99,51,7.3,93,1
65,30,68,8.7,58,0
47,99,87,8.4,48,0
32,85,59,3.8,51,0
57,60,47,9.6,99,0
99,66,47,3.8,71,1
73,76,68,2.7,92,1
50,76,55,4.8,70,1
57,98,36,7.6,56,0
83,87,98,2.6,62,0
83,65,94,8.1,49,0
94,61,75,10.5,69,1
50,93,47,4.2,58,0
42,71,42,6.0,65,0
86,77,54,3.5,65,0
78,59,37,5.0,50,0
83,50,61,1.2,59,0
39,89,46,11.5,93,0
82,42,77,5.6,95,1
73,30,92,9.7,84,1
76,94,69,2.6,43,0
82,62,44,9.9,86,1
75,67,35,10.5,51,0
42,54,92,8.9,64,0
66,55,37,10.9,95,0
53,88,61,2.8,97,1
31,62,74,6.2,49,0
43,70,81,7.8,61,0
39,59,42,7.6,46,0
64,86,53,10.5,63,0
54,78,69,3.4,41,0
32,77,43,2.9,71,0
46,78,99,3.8,60,0
41,76,91,10.8,46,0
83,85,90,11.4,47,0
53,94,30,7.3,92,0
58,41,95,6.5,90,1
72,98,61,7.7,77,1
54,35,42,7.8,60,0
89,94,62,2.9,47,0
94,54,61,8.6,96,1
57,30,85,6.0,64,0
45,61,53,6.7,67,0
76,32,33,1.3,67,0
87,78,52,9.4,93,1
56,48,58,10.2,70,0
82,89,50,7.8,91,1
71,58,59,9.2,75,1
88,79,49,6.7,64,0
76,31,45,7.8,91,0
63,85,96,5.3,95,1
66,46,78,9.7,80,1
35,89,87,6.2,76,1
36,65,73,8.5,77,0
54,90,54,7.8,90,1
62,46,52,8.7,51,0
84,78,88,9.6,76,1
87,89,30,6.6,76,1
36,49,44,9.9,70,0
86,79,81,6.5,57,0
41,32,87,11.5,65,0
45,72,70,9.3,45,0
72,86,73,2.9,48,0
36,79,33,10.1,50,0
80,97,97,7.1,70,1
61,79,36,11.8,94,0
37,66,75,8.9,85,0
74,75,38,1.9,95,1
88,71,62,5.3,41,0
33,44,62,6.7,98,0
96,62,33,10.2,68,1
58,40,94,9.0,85,1
58,49,63,5.1,96,0
57,53,93,8.2,90,1
73,93,54,7.3,81,1
33,94,84,2.4,44,0
38,46,38,3.6,62,0
34,90,46,4.8,75,0
85,44,50,3.2,46,0
79,80,89,2.7,95,1
44,56,42,1.6,52,0
61,90,32,10.6,81,1
57,87,97,4.2,49,0
51,60,33,4.2,75,0
46,41,36,3.3,55,0
88,75,55,6.2,54,0
86,60,53,6.7,92,1
55,61,39,3.3,82,0
54,61,42,7.7,58,0
39,82,73,9.0,60,0
74,90,68,5.1,95,1
40,75,48,7.4,74,0
82,36,80,6.5,54,0
97,33,48,3.2,87,0
57,81,81,9.0,53,0
94,60,76,9.8,68,1
78,65,59,8.1,44,0
76,83,75,4.6,97,1
81,83,50,11.2,88,1
83,46,77,6.0,57,0
89,59,91,3.9,90,1
86,51,87,5.5,40,0
76,72,47,8.6,66,1
60,56,88,10.3,99,1
75,66,77,4.9,66,1
55,75,92,3.6,64,0
34,64,41,7.9,80,0
81,33,63,11.1,60,0
83,55,90,3.0,53,0
62,48,82,9.8,91,1
79,74,54,6.2,92,1
67,55,91,9.8,59,0
56,51,33,6.6,67,0
44,87,42,5.2,60,0
90,92,71,8.7,62,0
50,57,78,10.9,50,0
75,94,85,4.5,95,1
98,73,76,6.1,41,0
35,72,37,3.5,59,0
67,66,84,3.0,63,0
91,95,47,9.6,94,1
91,46,64,3.2,64,0
75,69,61,9.7,76,1
42,67,53,5.7,61,0
32,90,36,11.9,98,0
35,38,42,3.2,63,0
37,90,98,2.0,54,0
73,45,71,1.8,51,0
62,31,60,10.2,85,0
79,72,55,5.8,70,1
40,71,61,1.0,82,0
57,86,81,10.6,70,1
99,96,49,10.6,92,1
70,59,69,9.9,69,1
45,42,88,3.7,80,0
97,48,43,5.1,59,0
77,36,73,9.2,47,0
85,38,77,6.4,83,1
93,83,72,2.7,69,1
88,90,45,3.7,74,1
91,31,64,11.7,60,0
40,79,82,2.7,86,1
47,60,63,9.0,79,0
48,62,32,6.3,97,0
84,40,97,9.2,67,1
55,62,34,8.3,78,0
35,36,39,5.8,56,0
33,60,81,4.9,51,0
58,77,58,9.3,91,1
88,76,60,4.6,89,1
46,82,95,9.7,57,0
72,48,98,8.5,86,1
95,35,66,7.4,94,1
63,78,56,5.1,67,1
37,79,62,3.3,99,0
42,41,97,8.8,42,0
37,52,88,2.0,90,0
94,83,93,11.7,54,0
72,98,73,11.8,55,0
68,88,78,2.4,61,0
88,65,82,2.1,93,1
73,32,78,5.5,88,1
38,87,95,11.6,70,1
66,84,92,5.4,70,1
65,86,54,5.0,40,0
57,46,33,8.7,50,0
71,68,80,3.0,45,0
72,97,40,5.0,62,0
71,84,46,4.2,48,0
95,74,95,7.6,91,1
84,30,99,2.8,55,0
77,50,98,7.0,97,1
51,50,58,10.4,77,0
56,81,49,6.7,83,1
96,72,56,8.5,58,0
42,81,37,1.8,84,0
74,96,90,5.9,52,0
39,73,57,2.0,98,0
38,61,99,7.6,71,1
83,39,32,4.1,75,0
56,93,98,4.2,48,0
63,98,36,1.8,85,1
30,97,89,4.4,85,1
61,57,33,6.6,88,0
96,82,34,7.4,76,1
49,80,40,1.7,70,0
64,82,44,8.2,70,1
46,33,93,6.4,98,0
47,46,42,6.9,94,0
74,96,36,10.2,58,0
82,76,35,4.8,41,0
97,85,85,2.9,84,1
94,52,93,7.1,71,1
30,47,79,11.4,82,0
87,30,59,6.7,73,0
55,64,51,10.2,40,0
49,93,54,9.3,60,0
39,87,57,6.7,42,0
88,88,68,8.1,66,1
70,30,96,5.5,83,1
34,32,34,6.8,46,0
94,96,94,6.6,72,1
46,66,44,8.8,48,0
51,58,96,5.5,69,1
70,62,69,2.1,57,0
97,90,98,9.7,95,1
98,33,72,8.5,65,0
40,43,30,11.5,59,0
85,62,51,5.7,77,1
80,51,91,1.9,80,1
50,77,55,2.3,94,1
55,32,47,9.5,70,0
48,52,77,1.7,47,0
89,97,38,11.0,62,0
76,50,30,4.1,89,0
55,72,38,10.9,64,0
69,55,52,9.5,86,0
34,70,74,10.6,40,0
50,67,31,3.4,85,0
33,40,43,7.6,57,0
52,58,67,2.0,58,0
44,89,69,3.2,90,1
37,96,92,4.4,81,1
70,94,45,9.1,91,1
48,90,35,1.3,92,0
75,48,32,10.9,45,0
57,75,43,1.8,56,0
97,78,95,5.1,85,1
44,51,96,1.9,84,1
66,86,60,9.5,47,0
30,43,62,2.6,93,0
96,73,30,10.7,81,1
53,45,73,6.8,48,0
56,41,44,11.4,76,0
69,84,66,4.2,94,1
92,80,56,6.0,66,1
90,68,77,8.6,75,1
65,62,56,10.2,45,0
53,62,41,5.6,45,0
53,58,96,10.8,84,1
33,98,59,2.3,43,0
96,99,95,8.8,61,0
63,60,36,4.8,79,0
86,60,63,2.1,66,1
78,75,61,5.3,76,1
82,81,68,10.7,41,0
52,39,72,11.8,48,0
98,70,72,5.3,50,0
82,32,32,10.8,59,0
91,88,75,6.6,91,1
70,81,61,8.9,82,1
86,63,72,1.5,78,1
89,78,32,7.1,97,1
83,57,92,1.8,53,0
99,42,69,4.0,65,0
86,98,47,7.2,77,1
39,96,96,9.9,69,1
69,90,91,7.2,75,1
36,89,39,11.3,77,0
67,53,81,9.9,74,1
90,92,75,2.7,94,1
32,90,84,5.3,45,0
80,52,75,8.4,42,0
76,59,89,11.3,40,0
97,89,55,11.9,99,1
67,47,56,9.4,97,0
65,85,67,7.3,92,1
70,82,51,9.3,97,1
98,36,55,4.0,57,0
42,98,98,4.1,62,0
87,81,64,8.2,71,1
79,33,95,10.6,68,1
59,63,80,11.7,62,0
91,98,47,4.8,75,1
54,62,72,9.8,45,0
56,98,41,10.4,56,0
80,67,32,7.9,57,0
86,55,36,4.8,70,0
76,30,35,7.8,45,0
68,33,74,7.4,73,0
45,68,68,7.7,83,1
51,83,80,7.8,83,1
83,62,38,10.3,66,1
50,62,52,2.9,75,0
45,49,41,5.0,87,0
88,45,91,7.4,91,1
60,50,69,4.1,81,0
71,74,83,11.8,64,0
61,91,36,3.9,49,0
88,60,46,6.2,78,1
63,71,79,10.7,85,1
38,41,53,1.9,78,0
40,94,31,10.0,51,0
39,32,62,7.3,50,0
46,38,50,1.3,88,0
97,80,82,10.9,82,1
77,45,75,1.4,92,1
81,32,74,6.7,42,0
54,53,38,1.5,90,0
50,42,35,1.8,61,0
94,31,80,10.8,43,0
92,50,64,9.4,47,0
80,48,82,3.2,53,0
65,76,48,7.8,59,0
95,51,98,9.7,63,0
44,62,54,10.8,53,0
68,61,40,6.2,67,0
99,93,46,10.9,55,0
30,68,65,6.6,71,0
52,71,50,8.6,86,0
68,38,47,11.8,51,0
86,54,89,3.6,55,0
63,31,47,2.9,91,0
70,48,30,4.8,58,0
42,49,43,2.8,44,0
99,99,37,4.1,51,0
35,46,95,9.2,68,0
81,97,80,6.3,44,0
32,32,89,5.1,81,0
92,80,63,5.1,97,1
78,55,65,3.1,56,0
76,85,91,5.9,86,1
84,93,30,7.9,47,0
93,37,71,2.5,79,1
94,66,30,11.7,79,1
96,56,83,5.9,69,1
44,74,76,11.4,49,0
61,33,68,2.5,59,0
97,66,59,9.4,84,1
47,62,36,7.8,55,0
72,60,51,10.0,80,1
64,84,79,7.6,55,0
87,41,74,11.6,81,1
62,40,39,7.9,42,0
43,61,43,9.6,62,0
63,86,75,10.7,61,0
90,67,35,8.9,96,1
33,89,50,6.8,67,0
88,48,91,4.0,85,1
58,85,48,10.4,84,1
35,43,91,6.3,75,0
78,62,82,7.8,43,0
69,39,53,1.9,77,0
94,93,85,6.5,63,0
98,93,91,8.7,58,0
56,91,63,7.4,50,0
35,97,51,5.9,79,1
42,72,97,3.5,85,1
93,88,86,4.4,79,1
91,81,39,8.7,85,1
48,48,95,3.5,94,1
72,50,37,7.8,78,0
49,51,67,7.5,92,0
97,38,91,11.7,57,0
73,38,57,1.7,51,0
52,56,39,2.2,53,0
31,46,74,6.6,86,0
51,73,94,6.8,57,0
86,74,96,1.4,83,1
36,37,38,10.1,81,0
85,47,34,6.4,51,0
96,62,39,4.8,79,1
45,30,41,4.5,66,0
80,35,87,10.5,45,0
41,70,50,3.2,63,0
82,84,50,2.8,90,1
34,34,94,3.3,72,0
56,88,32,7.9,84,0
41,47,98,9.9,93,1
46,78,93,4.6,55,0
35,94,78,2.9,89,1
34,83,46,3.3,51,0
86,90,61,7.8,70,1
57,37,99,3.7,96,1
98,32,50,10.7,76,0
88,54,36,2.1,92,0
62,98,36,1.4,52,0
91,84,56,2.0,97,1
79,69,37,10.3,47,0
48,79,57,8.2,77,1
98,62,95,11.5,42,0
95,47,76,4.7,96,1
76,86,39,3.3,97,1
68,45,62,7.2,59,0
97,67,36,6.9,97,1
62,70,32,7.5,43,0
42,36,43,4.8,83,0
83,82,73,1.1,84,1
36,92,75,1.4,41,0
43,61,90,8.3,90,1
48,67,65,6.8,75,0
83,51,42,10.0,62,0
49,45,45,4.3,84,0
58,81,34,10.0,58,0
53,58,67,5.7,79,0
92,45,79,2.1,47,0
86,46,67,11.8,55,0
37,93,85,6.6,97,1
91,42,92,7.9,82,1
58,85,77,8.4,57,0
46,34,88,5.0,75,0
95,41,73,9.2,63,0
35,70,84,10.6,40,0
87,32,84,5.3,40,0
98,62,30,8.2,85,1
57,79,37,9.3,75,0
91,85,33,3.1,50,0
70,38,82,4.7,57,0
98,79,87,2.2,55,0
70,58,66,7.6,56,0
78,68,78,9.8,63,0
78,74,96,7.7,73,1
32,46,48,3.0,43,0
39,85,30,7.0,74,0
64,75,58,10.2,54,0
31,96,62,4.3,41,0
53,98,81,10.2,95,1
67,43,70,9.6,90,0
51,96,52,1.2,70,1
55,52,34,3.6,48,0
72,90,86,7.0,49,0
84,52,35,8.9,92,0
68,56,78,10.7,64,0
58,83,51,8.1,90,1
49,39,33,5.2,99,0
70,45,93,3.0,44,0
83,70,66,9.4,53,0
49,84,60,3.3,81,1
48,90,66,8.6,87,1
95,78,74,3.0,77,1
59,81,37,2.0,96,0
82,31,69,3.8,79,1
63,79,34,4.1,41,0
51,72,57,8.1,57,0
96,37,38,2.8,68,0
35,88,31,11.2,92,0
56,94,92,7.1,92,1
39,41,80,6.4,92,0
77,33,60,5.8,59,0
99,70,36,7.2,47,0
88,36,59,1.2,98,1
88,98,87,11.9,76,1
31,98,32,7.1,88,0
58,59,80,1.4,87,1
97,35,85,7.5,65,0
94,48,39,5.8,76,1
55,95,90,1.3,88,1
39,39,79,11.2,43,0
82,45,76,1.1,72,1
88,66,30,7.4,61,0
51,61,86,11.6,45,0
80,76,67,3.6,72,1
77,72,91,3.8,67,1
50,65,99,1.0,63,0
51,55,94,1.7,43,0
59,39,91,1.5,41,0
54,60,85,10.0,52,0
57,58,96,10.2,85,1
94,34,46,9.0,88,0
74,30,37,4.9,50,0
97,32,89,10.0,74,1
36,96,69,6.9,78,1
78,64,91,4.3,49,0
38,44,70,5.8,82,0
65,96,41,1.7,49,0
30,59,83,11.4,47,0
39,72,40,7.8,44,0
65,89,89,9.0,62,0
75,69,97,8.4,73,1
61,94,75,8.3,99,1
61,58,67,1.2,99,1
35,48,90,6.8,86,0
77,32,46,10.0,71,0
67,65,95,1.5,55,0
46,72,65,11.5,43,0
56,44,36,5.7,93,0
83,70,45,4.2,99,1
79,65,43,6.9,67,1
64,62,54,9.8,87,0
54,34,33,6.2,83,0
57,43,58,8.1,99,0
44,97,85,6.5,53,0
33,76,35,7.9,51,0
56,83,30,2.5,99,0
55,33,68,1.4,60,0
48,38,30,2.5,87,0
46,82,92,4.1,55,0
72,89,86,3.8,93,1
70,75,96,7.8,83,1
71,83,94,6.0,41,0
79,66,94,1.4,62,0
69,52,50,1.4,95,0
68,56,59,2.0,68,1
52,99,62,4.9,85,1
81,95,77,1.1,82,1
76,90,51,6.4,48,0
92,80,83,5.0,93,1
98,79,33,7.1,46,0
72,48,84,8.9,68,1
77,30,73,3.8,83,0
63,69,41,2.7,56,0
69,61,81,4.1,48,0
90,51,94,1.0,45,0
79,95,94,2.3,83,1
96,69,39,9.3,59,0
91,67,47,3.5,49,0
87,77,76,11.9,48,0
62,84,95,2.8,51,0
45,84,78,9.7,72,1
77,80,51,8.8,71,1
39,89,55,4.5,73,1
67,37,38,4.6,58,0
48,97,50,7.2,72,1
65,38,92,10.4,87,1
88,31,35,5.2,55,0
92,99,43,1.7,89,1
75,88,62,5.1,89,1
32,48,53,3.3,62,0
94,57,80,11.3,65,0
37,43,31,8.7,84,0
80,53,44,1.6,93,0
35,73,64,4.2,83,0
68,85,65,1.6,80,1
89,80,68,10.1,76,1
57,61,33,11.0,48,0
83,79,93,2.2,69,1
66,70,35,5.8,52,0
38,95,86,11.3,87,1
85,54,59,2.6,99,1
88,90,96,4.2,81,1
31,95,44,4.3,55,0
90,71,46,1.3,85,1
87,94,47,1.4,96,1
89,65,48,11.5,41,0
69,38,98,7.3,70,1
65,65,53,4.4,99,1
66,67,77,5.2,96,1
47,62,59,8.9,90,0
92,71,44,5.0,82,1
51,90,76,3.5,58,0
40,75,73,2.1,99,1
87,90,56,9.0,50,0
86,47,93,3.0,53,0
33,99,70,1.8,86,1
36,44,97,5.7,64,0
90,77,34,1.4,46,0
83,42,82,11.6,54,0
97,72,37,7.9,69,1
30,89,51,2.7,98,0
84,86,36,2.9,70,1
32,46,51,7.3,63,0
67,79,75,4.9,94,1
30,61,59,9.5,64,0
67,51,45,7.0,47,0
58,84,34,5.8,69,0
34,86,96,11.6,75,1
50,42,52,5.3,89,0
96,76,90,5.4,53,0
76,91,34,8.3,68,1
64,83,52,9.9,66,1
97,58,54,7.9,92,1
98,51,37,8.7,89,1
30,94,50,5.1,75,0
97,58,31,6.3,99,1
41,77,51,3.2,73,0
89,34,97,8.5,60,0
56,64,93,3.4,77,1
85,75,48,1.0,50,0
52,64,82,11.3,72,1
54,74,81,4.4,54,0
50,42,76,3.2,51,0
90,39,83,3.9,63,0
92,95,73,4.6,89,1
81,99,36,6.2,76,1
54,54,30,1.8,50,0
84,73,92,1.6,95,1
75,89,68,4.2,92,1
61,76,48,4.3,58,0
84,69,60,2.3,93,1
34,36,53,5.5,40,0
65,75,98,4.1,56,0
78,52,94,1.3,79,1
87,75,62,10.7,94,1
68,42,88,10.7,55,0
90,50,62,3.3,65,0
38,30,61,2.8,97,0
35,48,88,7.0,82,0
64,89,70,7.9,98,1
68,62,41,11.5,90,0
51,33,40,5.2,95,0
70,32,48,7.8,82,0
34,81,83,10.7,54,0
71,57,86,5.9,47,0
96,99,71,2.3,69,1
59,99,60,5.2,53,0
86,84,81,2.5,72,1
58,86,31,1.2,81,0
66,45,67,9.3,46,0
42,53,61,3.6,57,0
61,98,39,1.0,51,0
75,70,37,10.6,41,0
52,76,49,5.9,89,0
74,98,49,3.6,68,1
46,60,38,3.9,60,0
95,59,44,3.6,46,0
35,47,92,3.1,91,0
47,73,50,10.3,66,0
51,56,34,2.9,51,0
62,55,64,7.2,59,0
59,89,97,1.9,96,1
61,47,77,11.4,53,0
71,85,91,7.6,49,0
39,60,64,10.9,80,0
65,88,99,5.4,62,0
63,31,50,9.9,69,0
57,68,68,10.4,86,1
40,90,63,8.7,97,1
68,92,44,2.0,70,1
76,47,35,1.2,91,0
48,46,95,2.9,95,1
44,68,85,2.3,49,0
57,83,78,9.0,58,0
53,64,30,7.1,58,0
38,40,94,6.8,83,0
76,90,57,3.8,62,0
62,73,49,2.7,98,1
91,97,77,3.3,83,1
48,54,94,5.4,80,1
96,77,80,9.1,98,1
69,61,72,3.8,71,1
76,33,78,8.7,59,0
94,67,54,6.4,43,0
58,92,70,10.7,72,1
79,76,93,3.6,87,1
42,30,90,6.0,40,0
30,32,41,2.1,52,0
63,91,98,4.7,42,0
77,93,43,6.6,51,0
77,46,63,9.1,68,1
78,91,77,3.2,94,1
93,64,90,3.4,70,1
90,42,64,7.9,80,1
58,64,94,5.2,75,1
68,72,88,6.3,41,0
55,31,65,10.2,61,0
46,85,48,6.5,61,0
42,80,71,8.2,80,1
98,83,98,8.2,70,1
55,45,48,9.8,91,0
78,47,68,8.0,95,1
96,36,98,1.7,84,1
36,74,81,4.8,53,0
87,65,41,11.9,68,1
78,70,76,3.2,74,1
82,71,65,7.5,89,1
94,36,92,10.3,48,0
91,44,80,7.5,86,1
46,89,72,5.1,93,1
72,69,63,1.9,71,1
54,66,78,5.0,98,1
32,95,47,3.0,95,0
58,84,90,11.6,66,1
61,85,86,8.9,49,0
55,73,34,9.2,64,0
45,86,53,5.8,88,1
54,35,93,2.2,84,1
83,61,88,3.9,72,1
57,47,67,3.9,50,0
85,97,62,6.4,76,1
94,36,39,6.1,48,0
70,37,66,5.8,46,0
80,93,40,6.5,46,0
58,36,53,11.9,73,0
48,70,50,4.3,58,0
95,69,49,7.8,59,0
70,32,39,3.6,89,0
74,46,76,6.1,81,1
44,95,76,3.2,64,0
32,81,44,7.1,44,0
40,51,73,3.9,87,0
82,33,91,1.4,68,1
75,35,35,10.0,94,0
59,67,95,2.4,66,1
86,55,33,5.0,64,0
47,40,52,6.2,76,0
80,46,42,5.8,54,0
77,60,60,9.0,93,1
95,64,45,7.6,87,1
37,45,70,4.2,43,0
51,47,30,1.6,53,0
35,91,41,9.4,95,0
86,56,85,4.9,88,1
65,64,79,10.8,56,0
86,74,49,5.3,60,0
78,64,95,8.9,55,0
74,57,65,11.3,65,0
95,38,67,8.2,48,0
74,44,51,5.5,41,0
49,50,90,7.2,82,1
93,81,79,7.0,54,0
96,64,88,7.4,74,1
32,80,49,2.6,63,0
83,84,65,8.7,87,1
93,73,44,2.6,92,1
69,94,91,1.2,90,1
88,54,32,7.9,93,0
84,76,34,2.3,77,1
91,85,85,9.5,53,0
33,67,60,10.5,76,0
89,40,64,11.4,76,1
59,96,99,8.3,45,0
31,44,55,6.3,57,0
91,30,30,4.9,61,0
78,36,36,6.4,57,0
38,30,65,3.1,90,0
60,78,54,4.8,41,0
90,58,88,8.9,71,1
77,55,90,3.4,56,0
54,74,58,3.9,99,1
65,41,47,9.2,40,0
37,61,70,3.0,48,0
87,49,48,3.7,52,0
74,80,33,1.2,75,1
91,65,94,8.9,76,1
68,96,70,7.8,97,1
87,30,44,8.6,69,0
93,56,83,3.4,70,1
73,69,93,8.6,62,0
58,43,44,7.6,89,0
88,98,79,5.0,67,1
38,35,51,5.8,98,0
35,62,47,7.2,49,0
58,84,31,6.4,64,0
87,48,65,8.1,99,1
46,58,49,3.0,75,0
45,90,45,6.9,65,0
32,99,96,6.0,65,0
50,53,59,6.1,84,0
93,52,84,6.2,52,0
65,39,95,10.7,56,0
91,83,55,10.0,79,1
71,70,86,7.9,43,0
71,78,98,8.9,62,0
90,46,31,1.5,74,0
42,85,85,9.2,50,0
40,74,91,6.3,51,0
83,59,63,4.5,48,0
45,73,85,2.5,54,0
37,84,84,1.8,84,1
88,48,49,1.5,76,1
86,58,79,2.8,44,0
69,31,54,1.3,58,0
88,65,54,9.1,50,0
31,48,82,3.7,48,0
39,36,43,5.1,74,0
73,55,89,10.0,89,1
40,67,72,2.3,66,0
31,32,91,10.2,52,0
79,95,98,8.0,96,1
41,72,92,4.8,99,1
52,91,31,2.3,51,0
47,53,83,2.0,48,0
91,68,45,4.7,81,1
91,97,84,2.5,67,1
67,73,72,3.9,52,0
96,34,90,1.6,59,0
67,84,67,7.5,91,1
96,59,74,2.6,52,0
90,58,80,9.3,66,1
30,55,71,3.4,65,0
74,55,53,9.8,68,1
57,66,59,3.1,68,1
50,82,66,8.9,61,0
42,59,82,4.7,48,0
56,32,92,7.4,63,0
36,72,40,1.4,81,0
51,36,52,6.4,58,0
82,78,79,2.6,77,1
33,70,84,6.3,70,1
52,83,84,2.6,78,1
99,98,33,5.8,54,0
62,56,83,2.2,93,1
57,37,90,3.4,71,1
37,61,34,7.5,90,0
30,93,47,11.7,85,0
66,39,73,5.9,87,0
92,42,60,8.6,85,1
51,92,50,6.9,68,1
99,64,76,6.5,96,1
50,90,59,1.7,91,1
64,83,84,2.6,73,1
34,37,97,10.7,48,0
89,58,98,5.5,74,1
75,70,70,7.8,45,0
79,59,74,6.8,76,1
77,50,59,5.2,53,0
35,40,74,5.3,86,0
85,31,74,7.1,89,1
88,79,74,2.6,88,1
58,70,84,5.3,48,0
47,95,88,5.9,58,0
31,32,34,11.8,62,0
37,80,61,4.9,96,0
83,97,35,8.1,80,1
67,54,55,2.5,67,0
77,59,66,1.7,55,0
56,40,42,10.6,65,0
49,46,98,9.0,77,1
41,55,54,4.5,79,0
72,52,42,6.6,64,0
90,85,49,2.5,74,1
60,81,89,8.8,93,1
90,77,50,1.8,44,0
96,49,90,9.3,46,0
64,31,55,7.0,62,0
44,60,83,4.1,64,0
45,56,71,10.5,40,0
42,31,40,11.8,61,0
64,33,66,3.8,92,0
88,42,40,9.9,43,0
50,64,56,9.3,97,0
83,95,63,9.2,67,1
59,35,67,11.5,87,0
77,60,90,6.4,98,1
64,39,82,8.4,53,0
67,50,94,10.1,72,1
60,52,32,6.3,43,0
53,32,96,6.3,81,1
78,61,57,4.5,50,0
61,49,43,9.6,78,0
84,58,81,8.5,71,1
87,81,59,6.0,43,0
32,75,87,5.6,40,0
98,63,83,1.8,65,0
39,90,98,1.1,72,1
54,99,44,6.8,56,0
97,40,67,5.6,66,1
90,92,43,9.8,81,1
58,50,86,7.0,44,0
48,32,88,11.3,46,0
72,39,37,3.2,64,0
95,56,48,11.9,47,0
90,41,61,4.3,73,1
72,36,58,8.1,80,0
54,46,70,6.5,43,0
49,94,74,5.0,51,0
77,93,42,2.5,97,1
53,55,56,2.5,70,0
40,44,48,8.8,50,0
84,62,55,5.2,76,1
57,91,82,11.6,83,1
98,76,80,4.6,98,1
92,64,66,11.8,92,1
88,94,38,3.3,75,1
34,54,81,2.1,84,0
80,86,83,4.4,61,0
50,61,32,10.7,40,0
41,92,98,6.7,89,1
79,41,37,2.5,43,0
33,92,43,3.2,75,0
71,30,32,4.4,47,0
67,80,53,7.5,64,0
54,99,42,4.7,67,1
43,37,72,9.2,91,0
61,97,58,7.8,77,1
40,34,80,10.6,75,0
90,68,71,6.5,75,1
47,52,60,4.6,99,0
56,97,92,12.0,82,1
84,81,55,4.9,99,1
83,33,47,5.7,80,0
50,76,86,9.9,85,1
73,50,36,2.0,43,0
34,85,77,5.3,52,0
70,95,89,1.9,77,1
88,88,62,2.5,84,1
83,36,32,1.1,64,0
51,78,33,1.1,42,0
94,45,33,5.2,94,0
93,46,71,9.9,71,1
33,63,38,7.5,78,0
94,62,80,8.0,40,0
44,55,46,6.7,50,0
51,95,46,10.0,41,0
76,92,49,10.7,44,0
75,70,43,10.3,95,1
43,87,51,9.9,61,0
79,39,81,3.0,85,1
49,44,56,7.5,52,0
79,71,72,7.4,87,1
62,86,32,6.8,62,0
88,46,37,6.3,86,0
72,89,39,2.0,70,1
41,38,58,2.1,74,0
69,65,69,10.9,77,1
49,65,94,7.9,80,1
67,77,50,3.9,74,1
32,80,53,4.1,84,0
57,99,89,7.7,52,0
85,97,55,5.5,93,1
42,51,38,5.9,46,0
95,35,49,1.7,44,0
66,55,85,2.5,97,1
78,32,65,5.3,68,0
95,81,65,8.7,47,0
65,89,51,1.5,47,0
83,92,30,4.7,93,1
55,94,98,8.6,46,0
69,81,66,9.7,58,0
72,43,42,3.1,78,0
51,97,72,9.0,62,0
49,57,66,11.5,75,0
37,39,54,11.0,81,0
58,86,50,9.7,71,1
69,95,70,8.8,84,1
59,79,71,3.6,43,0
84,43,71,8.0,69,1
45,45,31,8.1,90,0
75,83,97,5.5,81,1
91,72,37,6.4,78,1
36,71,90,8.6,44,0
74,51,43,11.5,42,0
88,97,50,4.2,61,0
85,48,53,3.7,67,1
77,95,79,7.6,61,0
56,68,74,2.4,61,0
82,48,93,7.4,73,1
64,45,93,2.0,68,1
80,83,55,6.4,82,1
66,54,61,7.8,81,1
86,47,86,1.8,99,1
37,52,82,3.3,94,0
49,40,62,4.7,52,0
82,68,81,5.1,46,0
41,97,47,8.4,49,0
78,54,64,6.8,67,1
46,92,41,5.2,43,0
93,59,80,6.0,98,1
71,74,39,1.1,71,1
58,90,81,9.5,61,0
48,80,63,1.5,59,0
40,38,96,10.1,87,0
79,31,68,7.0,59,0
87,34,37,6.8,45,0
63,91,58,8.8,48,0
49,98,51,10.5,67,1
79,81,99,11.4,52,0
39,34,90,7.0,70,0
61,88,72,2.7,78,1
81,97,78,10.7,89,1
44,38,58,1.4,53,0
32,51,60,9.9,61,0
66,56,82,8.5,76,1
69,39,63,11.0,93,0
69,90,67,10.9,84,1
85,80,86,1.6,63,0
52,39,33,7.7,47,0
40,35,31,2.4,54,0
93,91,41,1.9,90,1
37,34,64,5.9,80,0
85,99,99,2.1,45,0
89,92,50,9.0,62,0
39,85,90,11.7,64,0
68,88,64,7.3,70,1
57,92,77,3.6,85,1
78,88,44,10.3,68,1
65,80,44,10.4,62,0
42,79,35,9.1,49,0
65,33,97,7.8,48,0
55,77,51,10.5,88,1
33,61,61,2.8,52,0
93,80,51,11.2,71,1
67,81,56,11.4,88,1
51,63,44,10.6,90,0
31,65,73,3.8,84,0
60,99,38,10.4,80,1
40,72,63,6.5,40,0
75,45,44,7.5,40,0
91,88,91,10.2,76,1
98,82,74,1.3,79,1
93,48,87,5.0,57,0
39,70,48,10.0,75,0
69,76,45,10.0,70,1
53,83,37,10.3,93,0
73,84,62,2.9,40,0
89,48,47,8.8,86,1
91,91,64,2.6,91,1
46,88,72,9.6,75,1
94,94,79,3.7,96,1
86,97,32,9.1,48,0
84,57,88,6.0,61,0
82,47,57,11.8,95,1
85,55,75,7.4,67,1
38,48,93,8.0,65,0
51,84,99,5.0,91,1
42,86,76,9.1,49,0
77,35,43,6.4,95,0
47,30,36,1.2,86,0
69,37,60,7.7,42,0
46,80,80,10.1,41,0
44,54,58,3.6,93,0
44,76,44,3.4,76,0
92,84,54,7.7,95,1
68,93,90,10.0,70,1
42,39,70,3.7,72,0
61,85,98,11.3,71,1
38,41,33,11.2,82,0
69,62,86,3.2,51,0
49,46,60,3.9,97,0
92,90,32,8.7,42,0
73,39,96,11.5,94,1
67,60,79,8.8,87,1
89,89,46,5.9,65,0
77,99,89,2.9,53,0
47,46,95,6.1,51,0
45,79,53,7.7,91,0
84,66,61,4.6,65,0
68,91,48,6.6,55,0
97,58,95,2.4,92,1
88,61,89,6.0,47,0
91,40,95,2.0,88,1
42,35,44,1.5,88,0
35,64,64,10.4,67,0
89,62,98,3.3,46,0
43,47,56,7.3,54,0
83,66,36,2.6,99,1
33,42,35,3.9,80,0
68,93,62,5.0,75,1
54,30,87,2.6,47,0
61,92,78,1.5,49,0
88,63,46,10.6,54,0
92,39,71,1.1,94,1
67,36,69,1.7,57,0
82,85,75,9.9,85,1
96,66,99,4.1,76,1
57,58,97,9.0,80,1
32,41,30,2.6,84,0
51,46,81,3.6,96,0
67,77,64,7.3,90,1
91,55,98,11.9,82,1
86,41,34,1.8,83,0
35,50,46,5.4,74,0
61,71,82,1.5,41,0
39,90,81,3.2,94,1
32,87,43,11.0,61,0
88,83,58,2.1,54,0
78,63,37,10.4,76,0
88,36,30,3.0,78,0
60,64,58,10.5,75,1
98,44,65,6.9,44,0
91,94,80,10.7,96,1
81,54,66,2.7,87,1
70,88,98,9.4,54,0
60,35,82,8.5,66,0
51,81,81,7.0,55,0
33,50,41,9.9,96,0
42,61,81,8.1,75,1
74,82,30,10.6,77,1
71,88,36,5.2,57,0
78,98,46,7.5,74,1
49,91,72,10.6,64,0
83,33,46,3.4,61,0
65,47,88,6.3,95,1
30,85,32,11.6,70,0
44,53,58,6.2,98,0
46,95,51,3.8,76,1
53,42,67,4.9,73,0
87,91,83,10.7,62,0
52,83,79,11.5,55,0
75,44,98,11.5,45,0
37,98,59,8.7,98,1
88,32,52,6.6,54,0
88,66,76,3.0,57,0
42,66,50,2.4,77,0
68,32,49,1.7,52,0
57,92,52,1.2,63,0
90,64,97,10.7,52,0
45,81,50,9.9,40,0
31,57,50,7.2,87,0
46,47,30,12.0,75,0
59,65,44,11.5,88,0
42,62,46,8.2,57,0
42,93,80,6.1,87,1
72,55,92,2.7,72,1
50,77,43,6.7,77,0
84,69,88,2.7,82,1
69,46,79,5.4,45,0
44,69,63,11.4,56,0
81,36,35,4.8,43,0
82,86,78,2.7,53,0
81,37,35,7.4,69,0
59,85,98,7.6,85,1
62,60,36,3.1,59,0
86,88,80,3.2,47,0
81,87,30,11.9,93,1
38,41,42,3.7,41,0
83,77,72,10.2,76,1
30,60,56,6.2,43,0
73,92,32,5.8,49,0
38,68,87,4.2,59,0
61,49,46,9.5,99,0
44,77,74,10.7,95,1
41,83,87,3.9,92,1
86,58,85,2.0,74,1
37,77,83,2.5,87,1
56,85,58,9.7,49,0
91,46,83,5.8,67,1
41,38,56,2.5,54,0
94,63,74,4.7,75,1
71,74,60,6.7,40,0
91,38,65,10.4,61,0
40,36,90,8.1,66,0
72,45,66,2.9,68,1
46,48,96,2.7,54,0
61,35,65,5.5,49,0
69,40,34,1.8,59,0
52,90,75,9.3,61,0
85,71,81,5.4,89,1
35,42,78,4.8,87,0
79,41,35,6.6,92,0
66,49,39,8.8,98,0
93,79,52,7.3,48,0
83,65,46,9.8,95,1
78,98,73,7.9,90,1
40,66,70,9.7,71,0
78,41,44,8.7,56,0
50,69,73,3.1,81,1
95,83,87,1.6,58,0
92,31,79,10.9,79,1
57,79,81,11.4,66,1
46,70,99,9.0,90,1
35,74,97,9.0,76,1
48,38,92,4.0,73,0
85,91,87,7.0,86,1
57,76,52,11.9,88,1
95,34,73,10.4,98,1
67,30,73,4.3,49,0
66,73,81,4.3,69,1
97,51,96,6.3,60,0
78,67,57,5.5,60,0
72,48,96,5.1,93,1
65,60,47,7.9,73,0
87,96,56,1.1,48,0
42,71,80,9.4,73,1
81,55,89,9.1,89,1
87,42,78,10.1,51,0
61,87,44,10.3,86,1
89,47,97,7.2,60,0
87,96,44,9.6,96,1
85,32,80,6.4,59,0
57,84,77,11.5,45,0
30,87,30,3.1,89,0
71,92,36,11.1,84,1
77,81,82,3.8,75,1
69,53,60,2.1,51,0
92,38,47,5.8,80,0
33,66,41,7.8,70,0
67,82,77,3.5,41,0
56,53,59,7.1,55,0
38,50,36,9.9,40,0
45,69,32,3.8,43,0
85,91,92,7.4,86,1
60,99,35,4.7,91,1
43,98,44,6.8,40,0
54,43,72,8.3,91,0
63,71,47,4.9,86,1
96,79,51,11.9,74,1
53,90,90,7.2,52,0
55,33,90,10.1,89,0
49,46,82,9.0,84,0
93,86,55,10.4,81,1
39,77,69,2.9,70,1
96,73,37,3.4,59,0
53,74,50,6.4,95,0
34,62,72,10.4,46,0
96,60,50,3.2,96,1
87,76,32,11.7,79,1
56,35,60,2.4,72,0
44,63,56,2.9,67,0
64,82,56,2.8,89,1
82,43,86,7.4,83,1
73,45,62,11.1,89,0
55,72,73,3.8,99,1
76,41,72,7.1,95,1
63,99,60,2.9,83,1
79,48,94,7.9,59,0
41,70,46,2.4,71,0
33,82,44,6.4,48,0
77,58,63,8.2,73,1
84,99,33,7.4,53,0
30,88,57,2.5,43,0
95,93,31,2.8,68,1
59,53,46,8.4,54,0
32,45,87,9.9,56,0
50,81,38,11.0,58,0
78,35,60,9.9,77,0
91,66,95,11.7,48,0
67,33,91,5.5,66,1
44,67,48,4.6,88,0
81,70,84,1.3,54,0
75,43,57,5.9,76,0
54,80,79,8.2,67,1
50,94,94,10.0,89,1
34,81,32,3.9,94,0
99,59,81,6.6,43,0
76,86,39,8.3,60,0
97,59,50,7.1,95,1
47,71,66,4.0,73,1
50,40,44,9.8,58,0
52,56,38,2.9,98,0
93,53,73,11.0,76,1
96,68,68,11.5,97,1
69,47,34,5.0,43,0
39,74,54,5.1,76,0
81,41,85,9.2,90,1
90,78,93,6.0,71,1
93,60,81,1.3,84,1
34,51,38,11.1,87,0
82,73,39,5.7,51,0
84,93,39,3.2,80,1
66,54,91,7.1,95,1
85,80,89,3.4,55,0
88,36,48,3.3,53,0
98,35,67,7.0,93,1
88,53,35,5.3,40,0
31,48,44,7.3,91,0
94,38,76,12.0,94,1
89,65,74,10.4,97,1
80,69,34,1.1,71,1
59,53,82,1.6,60,0
40,77,95,7.7,43,0
68,92,91,7.9,48,0
92,98,52,10.7,95,1
93,82,73,7.9,90,1
90,83,81,3.5,85,1
83,71,75,6.2,61,0
87,74,48,9.9,51,0
85,43,76,11.2,69,1
63,58,81,3.6,69,1
60,35,53,6.9,71,0
81,36,46,2.7,99,0
30,66,75,6.5,75,0
84,82,93,2.0,46,0
51,47,57,11.4,56,0
69,67,79,8.0,40,0
30,88,93,10.4,53,0
94,30,57,12.0,86,1
92,97,85,3.0,83,1
83,73,88,8.6,83,1
71,76,34,10.8,77,1
50,64,83,7.3,65,0
51,89,73,8.0,66,1
67,81,71,5.5,84,1
37,37,86,8.4,55,0
91,70,76,5.4,85,1
76,32,54,6.2,46,0
46,98,73,2.1,71,1
46,43,44,1.1,64,0
42,55,80,1.6,70,0
46,99,82,3.1,55,0
67,87,63,6.0,94,1
74,69,37,1.2,80,0
35,80,99,2.7,97,1
64,34,50,9.6,53,0
43,61,36,9.4,64,0
90,30,85,9.7,69,1
44,83,78,11.1,95,1
83,40,71,2.3,46,0
56,82,52,2.8,51,0
42,37,81,4.7,42,0
60,54,82,11.1,66,1
64,69,45,9.5,85,0
89,61,66,4.6,58,0
35,57,47,2.0,82,0
98,32,49,7.8,76,0
87,91,75,3.8,94,1
78,56,31,6.8,84,0
52,74,92,11.4,99,1
63,54,32,7.3,81,0
55,90,75,11.2,46,0
76,73,78,5.3,88,1
34,75,30,8.0,55,0
49,43,51,10.8,71,0
35,37,43,7.5,47,0
99,77,74,7.8,88,1
88,43,35,8.9,52,0
93,94,94,10.7,50,0
47,36,50,2.0,59,0
33,78,33,4.7,57,0
46,84,32,5.4,76,0
43,42,59,11.0,45,0
42,85,60,11.5,59,0
36,85,63,2.3,71,1
73,44,49,2.3,85,0
44,86,83,11.3,83,1
48,87,54,4.3,68,1
92,64,44,3.7,43,0
64,45,67,1.4,46,0
64,37,52,4.0,82,0
48,74,81,8.6,59,0
49,69,95,5.7,73,1
64,83,86,6.7,75,1
61,43,86,11.1,46,0
77,88,81,2.3,72,1
73,82,64,1.8,54,0
53,56,43,10.4,91,0
90,76,43,9.5,71,1
46,35,62,3.9,61,0
79,84,81,4.6,95,1
94,73,30,4.4,79,1
61,47,63,8.1,68,0
65,45,48,1.7,64,0
42,41,53,6.4,44,0
99,49,33,2.5,53,0
87,74,65,10.0,89,1
43,93,87,5.2,74,1
66,88,61,6.8,41,0
97,51,38,1.3,64,0
69,76,96,1.6,93,1
88,58,49,8.4,55,0
45,74,91,9.4,85,1
91,38,87,8.8,55,0
33,53,51,9.1,50,0
74,44,96,2.2,99,1
57,65,77,8.6,88,1
95,42,37,3.0,74,0
60,73,44,2.1,62,0
32,65,61,9.3,94,0
37,90,82,10.8,44,0
53,69,96,8.9,74,1
44,56,33,9.9,68,0
72,30,59,11.9,86,0
60,63,42,2.5,94,0
74,97,50,11.6,44,0
95,50,70,7.6,93,1
37,62,48,9.9,42,0
86,36,77,8.2,45,0
59,94,92,7.3,62,0
47,32,49,8.7,85,0
98,80,93,4.5,95,1
68,83,66,11.2,41,0
89,88,60,2.3,57,0
72,35,47,4.5,69,0
74,58,49,1.3,77,1
52,46,40,4.0,95,0
98,89,73,3.4,44,0
35,51,93,1.5,85,0
85,53,63,6.4,88,1
33,80,94,6.2,50,0
52,79,84,1.9,40,0
35,40,30,3.9,49,0
61,85,67,11.5,80,1
47,71,38,2.2,91,0
44,68,46,4.4,83,0
69,98,81,1.4,65,0
35,77,47,2.6,72,0
92,86,92,8.7,66,1
96,50,62,5.0,95,1
40,49,33,6.0,89,0
72,44,81,2.7,51,0
46,98,38,8.5,41,0
33,80,93,9.3,40,0
92,91,59,3.0,40,0
97,66,37,1.5,96,1
70,35,34,1.9,72,0
34,55,92,8.2,61,0
61,37,30,2.5,51,0
99,33,44,6.4,78,0
64,50,67,2.7,75,1
51,60,71,2.9,60,0
94,50,75,1.0,59,0
51,54,82,4.5,75,1
40,44,55,2.0,65,0
32,64,90,5.3,86,1
38,78,96,7.6,70,1
89,72,83,5.0,40,0
43,70,51,8.8,77,0
47,66,55,9.2,53,0
52,86,89,8.7,65,0
76,71,68,11.3,85,1
98,76,65,3.6,81,1
76,90,50,3.1,46,0
59,43,70,7.7,94,0
54,97,77,7.5,95,1
57,82,55,6.6,94,1
54,63,92,1.0,93,1
87,53,65,7.1,51,0
70,49,53,11.3,63,0
54,98,50,4.7,58,0
77,59,47,11.6,48,0
39,36,44,4.9,74,0
40,65,35,2.5,43,0
50,67,72,5.4,84,1
74,81,60,6.4,81,1
36,44,57,7.9,71,0
93,75,37,6.6,85,1
93,52,58,6.9,45,0
31,41,50,1.3,67,0
71,73,87,3.8,67,1
83,44,89,4.4,79,1
45,78,79,11.9,90,1
47,50,60,4.3,68,0
88,44,76,10.9,81,1
45,43,63,4.4,93,0
35,71,31,2.1,44,0
86,44,96,3.7,44,0
76,92,81,4.0,76,1
77,97,36,11.8,80,1
71,56,48,8.4,94,0
89,82,44,11.2,67,1
33,81,77,10.2,80,1
31,92,43,7.4,86,0
88,82,32,8.4,48,0
56,86,79,7.9,68,1
56,81,83,8.3,53,0
36,72,35,3.9,77,0
92,36,78,5.5,93,1
75,71,52,7.5,91,1
92,33,49,1.4,79,0
41,98,89,6.3,73,1
42,34,74,10.5,76,0
72,70,90,6.4,88,1
46,33,85,7.1,81,0
92,31,31,3.2,53,0
65,96,74,9.7,57,0
37,50,69,4.9,72,0
98,99,53,11.5,93,1
65,72,58,11.9,73,1
57,98,96,11.1,67,1
76,38,97,1.9,75,1
59,57,95,4.7,84,1
52,55,83,11.4,87,1
45,32,82,9.8,76,0
43,78,78,11.0,62,0
81,46,61,7.3,81,1
66,92,90,6.3,56,0
58,84,71,2.2,99,1
96,52,30,10.2,50,0
44,63,92,9.2,71,1
76,98,64,1.6,76,1
75,44,80,3.3,54,0
81,76,74,7.1,43,0
48,32,94,8.5,78,0
50,57,43,2.5,69,0
93,32,32,3.7,49,0
66,33,53,3.1,62,0
56,60,94,3.4,63,0
84,74,77,11.1,75,1
58,88,39,8.9,91,1
49,74,42,9.1,97,0
54,66,43,9.7,44,0
99,94,39,4.9,76,1
92,38,69,9.4,82,1
65,46,52,11.8,58,0
31,94,84,8.7,76,1
51,32,92,5.6,92,0
45,55,71,8.9,47,0
47,82,95,10.9,46,0
98,60,76,2.4,79,1
83,55,81,3.9,52,0
59,52,47,11.1,76,0
74,59,47,11.4,99,0
48,39,53,6.3,66,0
63,93,52,5.1,57,0
42,51,41,4.1,63,0
72,44,52,6.5,80,0
91,85,50,11.3,41,0
51,49,93,2.6,55,0
81,76,63,5.6,53,0
81,82,31,11.0,56,0
65,82,98,4.8,99,1
48,30,60,9.4,45,0
67,31,97,5.3,74,1
99,87,99,9.9,56,0
86,48,48,11.8,84,1
49,91,42,5.3,77,1
38,41,94,10.3,99,0
61,55,35,11.9,79,0
33,56,56,11.8,96,0
79,58,81,5.8,45,0
34,44,77,6.3,99,0
49,75,97,4.3,87,1
66,30,73,4.5,77,0
51,89,46,6.4,88,1
87,86,67,3.2,60,0
97,32,39,8.8,74,0
73,47,83,6.9,62,0
63,81,35,10.9,51,0
71,89,35,9.9,96,1
38,63,81,4.5,68,1
36,89,44,6.6,66,0
97,55,97,9.3,45,0
48,48,86,3.1,60,0
60,51,85,1.3,46,0
64,62,36,10.4,82,0
86,67,80,2.5,80,1
90,64,87,10.8,55,0
60,96,93,11.0,44,0
82,39,55,6.1,54,0
61,44,87,9.9,60,0
95,40,60,5.0,97,1
88,53,95,10.4,43,0
39,33,42,10.1,44,0
31,42,47,1.9,46,0
95,86,42,7.4,74,1
89,66,53,8.0,75,1
46,77,86,1.0,96,1
45,30,58,11.8,54,0
45,89,85,5.5,67,1
75,41,83,6.7,41,0
68,50,34,3.1,95,0
60,40,64,7.7,96,0
30,73,48,9.9,44,0
40,87,84,7.4,46,0
33,73,98,9.7,61,0
55,63,73,9.0,88,1
79,54,67,3.6,70,1
41,33,91,5.8,71,0
94,93,51,2.6,47,0
76,45,69,1.5,80,1
82,39,55,1.7,81,0
31,95,34,11.4,50,0
53,64,83,11.8,40,0
33,35,78,2.0,86,0
48,48,32,4.7,79,0
55,88,67,2.3,58,0
69,82,43,10.2,83,1
79,37,76,6.5,77,1
72,39,43,7.8,81,0
96,96,67,6.9,95,1
41,67,93,8.8,76,1
96,58,73,4.5,95,1
56,44,99,2.5,46,0
83,52,94,1.2,78,1
95,75,54,5.9,94,1
78,57,45,11.0,64,0
45,55,44,4.4,93,0
31,39,32,3.2,61,0
89,76,96,11.2,66,1
83,33,66,2.2,80,1
59,84,84,1.6,86,1
67,95,67,10.7,77,1
57,96,92,8.7,87,1
54,36,30,5.6,78,0
39,84,48,9.3,54,0
89,60,81,9.2,94,1
71,48,59,1.4,41,0
69,57,84,8.4,99,1
71,57,43,8.0,47,0
76,48,42,11.6,83,0
66,49,56,11.6,82,0
51,42,38,5.2,45,0
86,72,70,7.5,59,0
56,40,77,2.6,66,0
70,77,41,1.7,84,1
63,44,39,5.8,62,0
61,46,35,8.6,87,0
95,83,63,7.2,79,1
41,79,81,5.7,56,0
69,57,70,10.0,97,1
39,33,35,9.7,52,0
77,51,31,9.1,43,0
49,68,44,1.8,59,0
68,63,46,9.8,81,0
89,73,45,11.1,64,0
95,71,57,1.7,61,0
94,69,39,5.4,91,1
80,41,39,11.9,87,0
65,31,39,7.6,56,0
53,57,57,6.6,79,0
56,96,53,3.0,50,0
31,39,48,7.2,64,0
60,86,97,5.8,44,0
86,66,85,2.4,60,0
95,93,96,6.1,65,0
58,69,71,2.8,55,0
44,89,41,9.0,95,0
41,77,47,11.7,79,0
57,48,52,6.2,60,0
53,62,35,8.0,87,0
50,73,82,5.7,71,1
39,66,71,2.5,43,0
47,65,95,11.7,77,1
43,50,59,2.4,97,0
63,31,38,2.2,92,0
87,60,71,6.1,47,0
51,59,63,8.2,48,0
99,73,69,4.9,84,1
65,41,46,3.1,56,0
74,80,58,10.0,80,1
65,78,79,5.0,52,0
51,53,78,3.1,48,0
90,53,90,5.0,45,0
85,89,75,3.4,66,1
62,40,75,6.7,81,0
74,42,46,8.4,76,0
65,93,95,9.8,78,1
49,49,34,3.5,82,0
47,57,83,2.8,63,0
67,31,45,1.2,48,0
96,72,36,3.5,96,1
52,37,37,1.3,81,0
45,42,67,4.8,50,0
88,64,83,2.6,74,1
98,52,44,7.4,68,1
97,75,79,5.2,47,0
50,44,85,2.0,56,0
99,31,38,5.4,46,0
41,90,37,3.3,51,0
45,93,48,8.5,87,1
43,81,80,5.0,54,0
90,65,86,2.6,92,1
75,96,97,4.8,68,1
61,98,60,3.5,84,1
44,96,32,9.8,89,0
73,76,72,11.8,89,1
46,31,58,1.3,63,0
70,73,39,8.6,76,1
83,93,41,3.9,53,0
73,57,75,1.7,99,1
34,83,59,1.2,50,0
56,96,61,10.7,74,1
72,65,76,4.9,56,0
60,92,92,11.9,98,1
46,54,55,5.9,94,0
83,77,32,3.1,66,1
91,68,52,9.5,83,1
61,76,79,11.2,42,0
69,50,65,10.0,94,1
42,59,42,9.2,99,0
64,60,58,4.7,41,0
34,55,67,1.7,43,0
58,51,34,3.2,57,0
99,50,49,5.9,59,0
54,30,43,11.5,60,0
51,66,37,9.0,53,0
95,75,77,10.1,47,0
74,38,42,4.1,41,0
98,46,53,8.5,65,0
30,76,94,10.5,58,0
73,88,63,6.3,81,1
68,83,80,5.7,67,1
83,41,32,8.9,68,0
58,93,87,7.2,44,0
83,35,84,11.9,82,1
45,82,71,5.7,67,1
49,45,50,2.9,99,0
75,34,39,6.2,80,0
96,75,86,3.6,87,1
94,43,54,7.2,65,0
87,73,85,2.4,98,1
82,92,67,11.4,44,0
30,81,90,10.5,54,0
95,55,76,2.7,85,1
58,82,83,2.9,48,0
99,58,75,6.6,71,1
37,48,97,9.5,91,1
58,76,33,3.4,65,0
80,37,95,1.7,76,1
62,52,72,7.0,54,0
32,64,91,8.6,80,1
89,82,33,3.7,43,0
64,87,94,9.1,92,1
98,34,91,11.5,92,1
49,45,31,2.5,75,0
68,46,38,6.6,59,0
33,61,86,1.6,66,0
48,81,74,3.3,60,0
74,49,47,2.0,99,0
72,95,77,5.4,61,0
42,30,71,10.0,46,0
42,87,70,7.3,86,1
89,73,87,3.4,93,1
86,35,71,1.4,70,1
81,79,64,7.1,56,0
82,49,67,2.5,89,1
72,43,96,4.8,46,0
71,34,70,6.6,58,0
55,70,79,10.9,67,1
52,69,74,1.9,49,0
72,63,48,8.4,66,1
57,74,46,1.2,52,0
38,56,94,7.9,41,0
49,73,85,7.1,61,0
85,62,70,9.9,98,1
68,62,71,6.8,59,0
80,73,35,4.9,99,1
41,49,98,3.7,82,1
84,65,69,1.9,44,0
40,36,70,6.9,45,0
55,61,38,10.8,74,0
71,96,37,6.7,40,0
56,68,73,9.1,74,1
40,53,87,4.3,42,0
67,99,96,5.9,93,1
72,83,42,4.6,75,1
48,67,48,2.2,46,0
93,61,78,5.6,68,1
35,74,59,9.4,54,0
75,90,95,5.3,50,0
71,99,88,8.2,57,0
94,82,82,9.3,83,1
88,80,81,4.6,43,0
81,85,60,9.8,63,0
76,56,44,4.7,50,0
36,67,49,3.8,45,0
40,91,34,3.4,97,0
90,47,36,3.2,90,0
97,93,47,9.1,97,1
54,59,85,10.8,99,1
41,78,74,3.5,57,0
55,70,57,1.9,54,0
41,42,79,4.5,42,0
72,63,31,8.2,56,0
80,54,97,5.1,72,1
66,95,53,7.0,73,1
75,47,77,9.2,69,1
82,34,74,5.5,58,0
42,48,87,12.0,48,0
83,71,65,4.3,79,1
86,47,31,11.8,83,0
33,61,47,3.2,70,0
78,50,78,2.2,98,1
36,39,37,9.3,66,0
40,66,87,8.7,86,1
83,78,44,9.9,64,0
74,42,46,4.8,94,0
52,84,52,11.2,46,0
57,46,95,2.3,92,1
86,38,99,1.3,87,1
55,73,56,4.3,46,0
54,75,66,9.8,59,0
83,37,78,8.4,92,1
58,66,93,5.8,83,1
65,48,63,3.8,88,0
43,92,47,1.7,82,1
64,75,93,4.7,75,1
59,55,73,6.1,58,0
46,75,46,8.6,41,0
96,75,88,8.1,73,1
59,43,42,11.4,95,0
74,92,81,2.1,56,0
80,32,89,4.7,63,0
76,57,71,6.3,48,0
82,58,93,8.4,93,1
93,47,95,6.4,40,0
67,64,63,11.0,81,1
93,76,93,7.7,67,1
36,34,62,1.4,94,0
51,88,41,2.3,54,0
70,88,48,9.3,60,0
39,76,38,8.9,54,0
86,42,46,2.7,96,0
36,62,79,1.6,62,0
79,91,68,7.4,92,1
81,45,70,8.0,41,0
62,73,39,2.5,85,0
30,87,41,6.2,75,0
82,35,44,4.4,89,0
89,44,57,11.2,48,0
63,33,33,3.4,41,0
33,85,65,9.1,41,0
46,93,94,6.7,57,0
33,97,76,1.1,56,0
72,63,68,6.7,80,1
33,85,67,2.1,47,0
30,61,73,8.2,73,0
79,38,80,7.2,73,1
90,92,55,1.1,44,0
64,62,65,3.3,83,1
37,50,98,9.5,68,1
53,84,30,4.0,67,0
65,86,82,6.5,55,0
79,31,35,4.4,53,0
72,42,66,11.1,91,0
56,33,31,6.9,41,0
61,79,98,8.7,95,1
47,77,70,1.9,79,1
57,59,80,1.4,43,0
58,58,76,3.9,91,1
45,37,42,4.4,80,0
76,41,98,8.6,91,1
88,70,95,7.3,70,1
60,55,88,5.1,65,0
33,79,97,8.2,66,1
66,31,88,2.8,96,1
46,84,39,1.7,90,0
68,85,42,10.4,73,1
77,43,31,7.2,70,0
75,35,44,8.1,87,0
77,90,75,4.4,50,0
68,41,86,5.1,47,0
33,42,39,1.9,51,0
59,48,51,10.4,74,0
59,73,37,7.5,84,0
51,88,50,1.9,73,1
95,66,51,9.8,52,0
41,54,74,5.9,66,0
65,45,69,9.4,47,0
47,67,51,1.1,86,0
82,72,59,1.3,95,1
30,43,91,2.9,60,0
87,35,74,3.3,80,1
35,52,64,9.4,50,0
99,89,71,8.8,61,0
73,41,34,7.8,60,0
53,42,56,10.7,67,0
48,35,99,3.7,42,0
47,92,91,10.9,46,0
59,67,61,11.0,53,0
71,79,37,5.8,54,0
62,81,47,2.0,48,0
41,69,44,9.0,91,0
56,37,55,4.7,82,0
68,90,82,9.7,46,0
38,37,73,2.8,51,0
50,63,61,6.9,58,0
58,89,57,6.6,66,1
62,86,68,2.1,57,0
91,75,61,5.0,52,0
44,51,47,1.9,82,0
31,69,99,6.1,40,0
81,74,40,10.3,77,1
73,84,61,4.0,60,0
83,80,49,9.4,73,1
47,34,69,3.0,52,0
32,42,37,8.4,84,0
36,57,64,11.1,90,0
72,91,98,4.6,80,1
67,53,50,10.9,90,0
66,36,53,6.6,62,0
87,67,46,4.5,40,0
62,66,47,10.9,62,0
88,97,41,1.4,96,1
40,71,45,1.3,67,0
97,34,33,7.6,98,0
97,93,63,9.8,71,1
51,79,75,9.3,47,0
95,44,60,1.9,94,1
73,82,54,11.5,65,0
35,54,53,8.7,53,0
71,38,94,11.4,63,0
54,67,54,4.6,87,0
86,51,57,8.6,68,1
84,78,65,10.5,43,0
45,97,35,5.2,57,0
43,44,95,11.6,53,0
68,94,96,3.9,66,1
57,83,77,4.5,80,1
80,59,99,11.1,86,1
78,49,96,11.7,42,0
38,62,77,4.1,69,0
87,36,94,2.5,98,1
74,37,73,9.3,75,1
51,57,92,11.2,62,0
61,74,75,7.6,57,0
98,40,48,8.0,85,1
98,60,93,9.4,86,1
71,41,79,2.7,79,1
82,80,92,11.7,99,1
88,73,70,5.0,49,0
68,79,36,7.9,95,1
44,46,38,6.2,51,0
58,64,33,6.1,92,0
32,30,78,8.7,80,0
39,58,35,11.9,47,0
58,80,50,8.2,71,1
64,93,44,9.7,56,0
35,33,96,1.3,80,0
41,57,95,9.9,84,1
67,45,85,4.3,53,0
48,92,97,2.4,76,1
96,82,61,2.2,48,0
37,46,95,8.5,96,0
37,69,58,12.0,97,0
76,42,95,8.3,65,0
33,81,63,3.9,87,0
80,87,56,3.2,90,1
96,66,89,6.8,63,0
74,90,68,1.7,62,0
37,63,73,5.4,70,0
45,99,65,8.3,78,1
96,46,48,11.6,83,1
38,49,74,5.7,97,0
89,88,50,3.2,41,0
44,98,52,10.0,89,1
70,62,56,9.2,57,0
51,46,48,10.5,55,0
53,86,70,3.4,68,1
73,30,55,5.5,50,0
30,42,57,11.8,41,0
39,56,93,2.7,53,0
85,99,97,8.4,43,0
79,88,80,3.6,78,1
41,35,77,6.5,73,0
89,52,39,9.8,92,0
55,39,68,6.4,85,0
70,80,48,9.9,78,1
65,48,93,5.7,48,0
52,80,48,12.0,79,0
72,97,91,5.8,80,1
35,71,42,2.6,46,0
98,86,54,5.4,90,1
72,97,71,9.2,56,0
54,67,68,10.3,97,1
47,91,59,6.1,62,0
91,36,34,7.5,84,0
42,79,47,10.3,50,0
72,81,50,9.9,61,0
57,55,79,8.2,57,0
47,55,35,10.0,88,0
88,48,79,7.3,67,1
89,38,95,1.1,55,0
92,90,30,1.5,81,1
86,49,86,11.8,43,0
80,79,59,2.6,75,1
85,51,87,5.4,61,0
56,42,81,11.3,50,0
61,41,66,3.1,60,0
38,39,77,10.3,96,0
97,94,30,10.0,79,1
75,59,48,11.8,80,1
96,37,75,4.1,55,0
55,50,96,4.5,81,1
37,51,31,10.9,94,0
35,47,85,3.6,48,0
53,95,46,7.0,74,1
77,77,51,8.8,96,1
74,73,56,4.0,73,1
42,38,84,11.3,48,0
98,96,61,8.3,52,0
54,83,89,1.5,45,0
49,55,57,2.5,43,0
95,55,57,3.1,99,1
74,63,54,3.7,85,1
76,37,55,9.0,67,0
92,39,46,2.0,50,0
84,77,36,4.9,73,1
48,84,85,11.0,97,1
64,83,93,7.1,74,1
82,69,49,3.9,44,0
55,44,67,11.5,96,0
43,47,87,3.7,78,0
74,52,45,11.0,50,0
73,91,80,9.0,51,0
94,75,56,9.1,82,1
80,68,80,9.4,58,0
72,44,45,6.6,52,0
52,82,89,10.0,43,0
85,93,69,10.2,53,0
48,92,96,5.0,83,1
84,45,31,5.4,98,0
89,99,77,10.8,41,0
88,95,81,6.8,47,0
62,42,53,10.5,61,0
48,76,31,7.9,90,0
57,38,94,7.5,52,0
81,92,49,1.3,60,0
78,63,63,4.1,60,0
66,58,70,6.5,67,1
55,66,70,7.5,72,1
69,72,52,7.9,68,1
67,93,67,8.9,76,1
83,53,73,8.2,61,0
51,63,96,10.3,97,1
45,77,91,4.3,65,0
57,41,41,8.1,98,0
64,52,59,1.6,50,0
89,42,94,6.3,50,0
74,74,70,3.9,84,1
75,94,49,5.2,73,1
84,76,35,4.9,58,0
55,87,33,1.7,87,0
54,34,39,6.1,97,0
94,34,80,11.9,76,1
35,89,67,4.3,53,0
52,50,30,9.1,68,0
93,53,37,7.0,58,0
72,47,92,4.6,76,1
52,50,62,2.0,60,0
59,83,44,3.4,63,0
47,39,60,9.6,65,0
50,53,50,4.1,80,0
86,89,32,2.6,95,1
52,86,95,4.6,51,0
74,52,64,7.4,87,1
73,51,70,8.7,58,0
76,97,88,5.3,86,1
69,63,45,6.5,88,0
80,99,85,6.0,69,1
71,57,74,1.1,54,0
36,68,88,5.4,42,0
79,71,79,7.5,88,1
77,52,41,7.3,52,0
35,99,41,9.2,98,0
38,31,62,8.4,48,0
86,53,78,4.0,99,1
60,46,50,3.8,52,0
50,94,89,6.1,55,0
69,99,81,9.1,90,1
74,98,83,2.0,53,0
78,89,68,11.4,47,0
49,79,78,7.0,93,1
46,41,93,4.4,58,0
57,76,55,8.6,96,1
70,96,36,1.5,95,1
95,94,91,6.3,71,1
54,56,53,6.3,74,0
87,77,69,2.8,62,0
70,91,76,10.2,60,0
35,73,37,9.8,57,0
67,48,83,2.7,87,1
35,88,38,5.0,53,0
74,37,32,2.1,55,0
43,84,83,10.3,63,0
95,76,50,4.6,88,1
69,31,77,5.8,91,0
32,68,76,4.6,71,0
53,74,97,4.4,50,0
48,61,92,9.2,84,1
